,PCA1,PCA2,PCA3,PCA4,Cluster,Pokemon
0,0.04885886878647041,-0.004796601980673495,-0.036481572451526535,0.10168259256485204,13,Abomasnow
1,0.05811498524723019,0.24656541012174896,0.19516761305558905,0.014192594983446433,14,Abra
2,0.05002443074465954,-0.02305824079668053,0.13739905986187562,-0.001403377774448892,4,Absol
3,-0.02039162680206059,0.06102780089591839,-0.07967797016621882,0.016636654688480364,15,Accelgor
4,-0.0035955150046930277,-0.0013153401902601123,-0.09032152776346697,-0.029338242775721866,1,Aegislash
5,0.02966046808795559,-0.17535921058300508,0.010084821652478005,-0.1582984154562927,0,Aerodactyl
6,0.04338973851498566,-0.19630125157440792,0.17166006955217208,0.04153447494419913,11,Aggron
7,0.057601098960508836,-0.02799383424766914,0.11094626568910393,0.14188674516416677,4,Aipom
8,0.04737361076065947,0.24584661293521656,0.22319638696464178,0.00034496374221605755,14,Alakazam
9,0.048646426635696384,0.06002818919111087,-0.07398675520427056,-0.0513642189722304,5,Alomomola
10,0.02866998454317711,0.012268412308048624,-0.03097910675535547,-0.155782589027195,5,Altaria
11,0.043960065981909734,-0.02379394327782559,0.03327009140487129,-0.11824620836077132,7,Amaura
12,0.058916970198432374,-0.02998535330242934,0.11381113379003303,0.13908916601233226,4,Ambipom
13,-0.004614226881998519,0.13499173560237357,-0.19194727175862053,0.15177215124377913,8,Amoonguss
14,-0.002685420055665021,0.026978001139968892,0.07517067720415797,0.03400259852062081,3,Ampharos
15,-0.020957759889783503,-0.12319700423145113,-0.08569749456400866,0.007812984778965889,16,Anorith
16,-0.0399608914787869,-0.10925259326540478,0.052567888026331694,0.05628807769477215,4,Arbok
17,0.02926096259496516,-0.13191276173940578,0.004829466673472882,-0.02106944071222929,7,Arcanine
18,0.04202040775611003,-0.011978178669432214,0.268050910586182,-0.16159238748505333,12,Arceus
19,0.04202040775611003,-0.011978178669432214,0.268050910586182,-0.16159238748505333,12,Arceus-Bug
20,0.04202040775611003,-0.011978178669432214,0.268050910586182,-0.16159238748505333,12,Arceus-Dark
21,0.04202040775611003,-0.011978178669432214,0.268050910586182,-0.16159238748505333,12,Arceus-Dragon
22,0.04202040775611003,-0.011978178669432214,0.268050910586182,-0.16159238748505333,12,Arceus-Electric
23,0.04202040775611003,-0.011978178669432214,0.268050910586182,-0.16159238748505333,12,Arceus-Fairy
24,0.04202040775611003,-0.011978178669432214,0.268050910586182,-0.16159238748505333,12,Arceus-Fighting
25,0.04202040775611003,-0.011978178669432214,0.268050910586182,-0.16159238748505333,12,Arceus-Fire
26,0.04202040775611003,-0.011978178669432214,0.268050910586182,-0.16159238748505333,12,Arceus-Flying
27,0.04202040775611003,-0.011978178669432214,0.268050910586182,-0.16159238748505333,12,Arceus-Ghost
28,0.04202040775611003,-0.011978178669432214,0.268050910586182,-0.16159238748505333,12,Arceus-Grass
29,0.04202040775611003,-0.011978178669432214,0.268050910586182,-0.16159238748505333,12,Arceus-Ground
30,0.04202040775611003,-0.011978178669432214,0.268050910586182,-0.16159238748505333,12,Arceus-Ice
31,0.04202040775611003,-0.011978178669432214,0.268050910586182,-0.16159238748505333,12,Arceus-Poison
32,0.04202040775611003,-0.011978178669432214,0.268050910586182,-0.16159238748505333,12,Arceus-Psychic
33,0.04202040775611003,-0.011978178669432214,0.268050910586182,-0.16159238748505333,12,Arceus-Rock
34,0.04202040775611003,-0.011978178669432214,0.268050910586182,-0.16159238748505333,12,Arceus-Steel
35,0.04202040775611003,-0.011978178669432214,0.268050910586182,-0.16159238748505333,12,Arceus-Water
36,0.02673565049256214,-0.13203157212690017,-0.06582660717094438,-0.1283315964476928,0,Archen
37,0.02030111865761882,-0.15037553411590746,-0.043814741367829715,-0.14905693255830696,0,Archeops
38,-0.10646932226979891,-0.012743838559539563,-0.08061854967246414,0.034369502922485355,15,Ariados
39,-0.010725811703018255,-0.15548197368945388,-0.021799411100939785,0.02698691631843372,16,Armaldo
40,0.015529095792765658,0.23496561098733226,-0.009078873301366221,-0.005266345406730704,6,Aromatisse
41,0.04009858429488196,-0.10402394798724292,-0.02528198536200048,-0.012916838002324148,7,Aron
42,0.015401907640929502,-0.01994259557203398,-0.13989445178924598,-0.23368615555445835,10,Articuno
43,0.034287142094591765,0.2025947969425809,0.15268650339155593,0.021240659227061687,14,Audino
44,0.03749461323221116,-0.039920755200169036,0.06034052667745086,-0.1236807764588456,0,Aurorus
45,0.02913131353785764,-0.09533959740513401,-0.055699775202534586,-0.0506945299485793,7,Avalugg
46,0.03636630236911722,-0.12615733046573593,-0.09198360300862993,0.028896309467913803,16,Axew
47,0.07914254085693223,0.1768762136436428,0.1653062672755529,-0.07209639181261729,14,Azelf
48,0.04424205152155299,-0.07069541679007393,0.06812749094120171,0.0782330453306051,4,Azumarill
49,0.06150596381522263,-0.03146853688285292,-0.05965544675253612,0.008669658335945588,7,Azurill
50,0.046326922523969485,-0.1712791207186142,-0.009154567449346968,-0.05890924962421602,0,Bagon
51,0.03361473954152223,0.18522383415092306,0.10187807946086565,-0.1069660459729735,6,Baltoy
52,0.0438937134056174,0.1827016689648684,0.12658967546083594,-0.026672086273205522,14,Banette
53,0.02576200583870876,-0.12226427843078219,0.02614362919647756,0.06188667094020686,4,Barbaracle
54,0.057925106972945645,-0.12389824291948322,-0.09699755906262485,-0.06246615280247091,1,Barboach
55,0.016777258254549572,-0.1472529669786142,-0.11574946539343928,-0.04639384644119335,1,Basculin
56,0.053509555836684444,-0.109875411739235,0.041836026982359276,-0.03410318191395311,7,Bastiodon
57,0.013468520347385845,0.15181008109645447,-0.1513606956353302,0.18323079767564932,8,Bayleef
58,0.04837901887795047,-0.12431930719100799,-0.011129225761344815,0.05764015021949159,16,Beartic
59,-0.059175196558773145,0.05447522131149957,-0.14993172772093655,-0.0987468958579716,5,Beautifly
60,-0.07846756963763812,-0.030963101156163308,-0.1433058025975439,-0.040272427694727955,1,Beedrill
61,0.02542271373887586,0.2683901951050054,0.14756209525544545,-0.12439190263472026,14,Beheeyem
62,-0.6229261591186361,-0.07733634371154746,0.15732700385691004,-0.061150334160103875,2,Beldum
63,-0.019953381114698885,0.17740210438986792,-0.18572991106245507,0.23966050155282886,8,Bellossom
64,-0.02715568107622783,0.13795496472970695,-0.17112546305463275,0.22178636330162943,8,Bellsprout
65,0.028310330616606386,-0.05952653457641292,-0.10508519332782654,-0.0545311804212149,1,Bergmite
66,0.06627673678129196,-0.10070027609776136,0.01284042522540556,0.0073430229834662,7,Bibarel
67,0.06960626452984259,-0.05132320140539218,-0.038551924619670414,-0.00988175722178538,7,Bidoof
68,0.0262002153766558,-0.10576565657751516,-0.013567482308848723,0.05065518850146124,16,Binacle
69,0.028600539539960335,-0.062257351283128336,0.03449239813594143,0.06100488879038595,4,Bisharp
70,0.022586137334072384,-0.1694841989735679,0.1007132883612253,0.03744046606378862,11,Blastoise
71,0.011854346100342503,-0.15127242257888698,0.09291514541879727,0.13312478799693644,11,Blaziken
72,0.05281176201359018,0.07672022621865386,0.18078985709754078,0.06176332719945878,9,Blissey
73,0.03617024370217353,0.01838481609682526,-0.12136961525610293,-0.06854709563421145,5,Blitzle
74,0.027262870740442886,-0.0550448283675269,-0.12099308636740426,-0.03594490538385952,1,Boldore
75,0.06492503302058533,0.04483586769940687,-0.07422410944547835,0.048525110719338314,15,Bonsly
76,0.021620816057395645,-0.1468666914897814,-0.0786098805334471,-0.0018622592507057845,16,Bouffalant
77,0.048493751112547626,0.1455311909504666,0.03151941150542896,-0.039736184803249634,6,Braixen
78,0.024843023358680813,-0.08529179514374689,-0.17936815424552377,-0.1655711787991897,10,Braviary
79,0.017361227339760008,0.010228745290902732,0.00855125658784629,0.250436985028049,13,Breloom
80,0.059160642913282845,0.1546753881615885,0.09278165682866929,-0.10616085391297024,6,Bronzong
81,0.058338069933356704,0.18309411526145825,0.06150931575490644,-0.10361609251996257,6,Bronzor
82,0.013692956849610402,0.13131381802910697,-0.2057669173598706,0.13507370614309008,8,Budew
83,0.029296869181815153,-0.11730429641790334,-0.081860628142288,-0.005762787748191905,16,Buizel
84,-0.037315664314265126,0.108729236945851,-0.14940734425933855,0.2262186115325806,8,Bulbasaur
85,0.04203525696708869,0.054090670141770325,0.040864189343029676,0.08832440516258576,3,Buneary
86,0.0438049830818992,-0.10130801704199355,-0.07842285725164959,0.051621126494536186,16,Bunnelby
87,-0.17357657699263387,-0.07193151141007215,-0.3793390076714671,-0.10407083382718336,10,Burmy
88,-0.048776866723576257,0.1129229303460688,-0.10739210194915869,-0.09527791032486817,5,Butterfree
89,-0.0016481676195745545,0.08060168964253299,-0.01393832838739389,0.23805745113918014,13,Cacnea
90,0.0015498571747382486,0.06108992054161472,0.019116419697067084,0.23983190315371009,13,Cacturne
91,0.03294659974273911,-0.07584633599754652,-0.008017474242508512,0.01898967291393956,7,Camerupt
92,0.0312329255850328,0.15140242869119488,-0.039639431952688924,-0.08397453756402203,6,Carbink
93,-0.037986755628448984,0.10499172527037373,-0.15845282561324012,0.20598848478652523,8,Carnivine
94,0.03963179668683975,-0.178279806424469,0.006275716484822814,-0.03818123350365356,0,Carracosta
95,0.03902937646626005,-0.1225788356656442,-0.032416071904375746,-0.05347928095469936,0,Carvanha
96,-0.9385418907506103,-0.08043669873192924,0.0872744556445378,-0.028411405846100104,2,Cascoon
97,0.05286082056168415,0.015557665648752205,-0.0006132813090283822,-0.08451213847101333,5,Castform
98,-0.9964195765300556,-0.08892348914880226,0.061232863629967084,-0.042406817637055866,2,Caterpie
99,0.04544022568297113,0.2628927674910888,0.048339739010747465,-0.028219963772725,14,Celebi
100,0.04358633755206226,0.1159744728188814,0.042647296136052316,-0.05091069712907216,6,Chandelure
101,0.052223217178630786,0.08474533727943225,0.16910594577107296,0.06241176346945281,9,Chansey
102,0.016675898130686147,-0.18143161003885175,0.08686379408242059,0.06429488025343875,11,Charmander
103,0.016675898130686147,-0.18143161003885175,0.08686379408242059,0.06429488025343875,11,Charmeleon
104,0.025604927627465787,0.05607883729894724,-0.16764537707947352,-0.14840757589466821,10,Chatot
105,0.004293574180287237,0.18427112401253934,-0.21239794241814927,0.14871226139620655,8,Cherrim
106,0.005403911090752506,0.18927472150441954,-0.2171962429786401,0.15224724034348017,8,Cherubi
107,0.021007625667373204,-0.07706060506993935,0.025353215446959912,0.17421978949043346,4,Chesnaught
108,0.034466082393514307,-0.05209744599896008,-0.010133912803228921,0.18112812567536046,13,Chespin
109,0.011089133017994074,0.1672497736370847,-0.16318750293674644,0.18014521390156948,8,Chikorita
110,0.04436016790449667,-0.07291556132984939,0.03500343611376499,0.10845649558147469,4,Chimchar
111,0.05478330693934983,0.254085752765088,0.10909806936190286,-0.0462573731647776,14,Chimecho
112,0.03208280299481024,-0.01772234303904654,-0.06244020483229094,-0.07790421136453016,5,Chinchou
113,0.06309966418736722,0.24984624864242685,0.08490774797574675,-0.05793453033146935,14,Chingling
114,0.0409823459619737,0.0530902109745513,-0.0346340542186062,0.08729719286011846,13,Cinccino
115,0.06263253620049201,-0.03535195087303656,-0.1590067685650917,-0.06838208553586142,1,Clamperl
116,0.018380686247170194,-0.13103578900651605,-0.1377458074970453,-0.04548699523775261,1,Clauncher
117,0.015514455780846806,-0.12744086893767395,-0.07838540961557992,-0.056938582626510324,1,Clawitzer
118,0.03586701850001417,0.16751018885460345,0.11806165254457146,-0.10388636223663464,6,Claydol
119,0.039335370517735266,0.18899539948033,0.2088020382740672,0.07690268837322545,9,Clefairy
120,0.05243830430279078,0.21138495844107208,0.11935710529637251,0.04064324475123386,14,Cleffa
121,-0.017659653091961262,-0.06917794133332213,-0.09462834104297063,-0.04045589505125921,1,Cloyster
122,0.04298336516270888,-0.013682007476053403,-0.05253449547928053,-0.030848024459665266,1,Cobalion
123,0.02662790913292102,0.2391338656571461,0.09597180029957549,-0.04582405675827265,14,Cofagrigus
124,-0.7079964623074375,-0.00998109888557651,0.05924479972240428,-0.09957493782716545,2,Combee
125,0.022750297137162895,-0.13468720906923853,0.05994826023137909,0.13020618921299934,4,Combusken
126,0.04072471420618716,-0.11506083252543375,0.040933652412400476,0.1546277687581549,4,Conkeldurr
127,0.034623137762887134,-0.14520106233949276,-0.008330767495026037,0.030523654318298267,16,Corphish
128,0.03237146766027013,0.023594271039105545,-0.008156938983525059,-0.026778265800008593,3,Corsola
129,-0.010901459596654556,0.17142286615829957,-0.16306050834938815,0.16922661046737517,8,Cottonee
130,0.004786078956990778,0.04009144626477613,-0.04365191056761324,0.09962435238063753,13,Cradily
131,0.06150087162849895,-0.19350758863007014,0.06375990187518253,0.0024710860347006533,11,Cranidos
132,0.03172194357234865,-0.1564668177410565,0.018017866314583,0.027408318636217486,16,Crawdaunt
133,0.05904555074790768,0.214587828222501,0.04071213758610652,-0.08998967692411158,6,Cresselia
134,0.011651128338690702,-0.08531579887098328,0.1169972624284483,0.14895196229183846,4,Croagunk
135,0.017238155522834205,-0.002703205108473244,-0.0946399261264924,-0.13845874608102693,5,Crobat
136,0.051863046575669605,-0.20863892308622792,0.0718384362344683,0.07153985244563228,11,Croconaw
137,0.001264275969504718,-0.08193591225129547,-0.10401559970052113,0.03152100534451648,16,Crustle
138,0.005198818367626586,0.01455630336920054,-0.13378704840163191,-0.08201011283478478,5,Cryogonal
139,0.048369403039325326,-0.08630060221250198,-0.07590878095138175,0.049565421040604914,16,Cubchoo
140,0.040331418739825736,-0.15548462553414374,0.09073603664772818,0.09354119457758928,11,Cubone
141,0.015252314696009772,-0.08744365599529258,-0.09357747239759064,0.003245724885845861,1,Cyndaquil
142,0.045898282452696226,0.019274272693668437,0.14286581481447588,-0.006509595836107552,9,Darkrai
143,0.052206611186563986,-0.1366171112478514,0.03585062167005965,0.03790974107433469,4,Darmanitan
144,0.04793005747498719,-0.11549549235183099,-0.019277070318734844,0.03509143890738439,16,Darumaka
145,0.023606569014097606,0.03122186115766356,-0.055084234816500884,-0.009440645246473402,15,Dedenne
146,0.030891371766881504,0.13691574978484156,-0.16615565065437218,0.07609924926592977,8,Deerling
147,0.011380926953461575,-0.16831291116004432,0.01744024808376325,-0.08120327511103383,0,Deino
148,0.05781930810631752,0.0841584645597399,0.05886031064539548,0.01963952040274083,3,Delcatty
149,-0.0021966376881264052,-0.042652421667811594,-0.033620614426051444,0.011103126030771363,7,Delibird
150,0.046857550853074914,0.16744376274091685,0.09685003509412016,-0.05203755791832688,14,Delphox
151,0.053811667370234614,0.11719357721451598,0.25359249541429163,0.018373988886082653,9,Deoxys
152,0.053811667370234614,0.11719357721451598,0.25359249541429163,0.018373988886082653,9,Deoxys-Attack
153,0.053811667370234614,0.11719357721451598,0.25359249541429163,0.018373988886082653,9,Deoxys-Defense
154,0.053811667370234614,0.11719357721451598,0.25359249541429163,0.018373988886082653,9,Deoxys-Speed
155,0.0186975055754823,-0.03377750461722657,-0.06609860784784088,0.0019669250079886813,1,Dewgong
156,0.029955882878698385,-0.10929419480827617,-0.10220143506754237,0.011596122757208047,16,Dewott
157,0.04527681220707817,-0.10503253158112574,0.0825083948063299,-0.11403457963149093,0,Dialga
158,0.027746814591924646,0.14868733459396333,-0.029728168654789236,-0.07181394546336814,6,Diancie
159,0.03967003933436221,-0.0996993215459219,0.02318694495245374,0.10331660168395808,4,Diggersby
160,0.04731772740235802,-0.08209895272575565,-0.07285643223056838,0.007100814385995967,16,Diglett
161,-0.6834255143880589,0.062803423869778,0.057640176654194186,-0.02704732956943139,2,Ditto
162,0.02318979740352334,0.0101461095175809,-0.17188871988441576,-0.09490952828416988,10,Dodrio
163,0.018462704872474856,-0.0015312496524595334,-0.20289765488835865,-0.10125157761109162,10,Doduo
164,0.021688565484846586,-0.1448208784598279,0.0015538246958114504,0.04342419077523278,16,Donphan
165,0.00744450453025829,0.00022575170585072837,-0.12388237035345223,-0.03124866026389243,1,Doublade
166,-0.006740773179329408,-0.1388792004377426,-0.052959043001856006,-0.07080272850301197,0,Dragalge
167,0.047252896872141854,-0.08626435370250184,-0.020600587229419817,-0.10321797736623785,0,Dragonair
168,0.036854385925248374,-0.15769748699451983,0.10579688591746131,-0.12014220919435228,0,Dragonite
169,-0.062172412639963356,-0.1852388983313468,0.05776924636015384,0.03714560556545229,11,Drapion
170,0.047252896872141854,-0.08626435370250184,-0.020600587229419817,-0.10321797736623785,0,Dratini
171,0.02216227906744425,0.14703100406375438,0.03983332219443444,-0.07654891439009147,6,Drifblim
172,0.022896691460048812,0.15216831482315749,0.034856606056839635,-0.06654151791844855,6,Drifloon
173,0.0018503489775365965,-0.13826417388315818,-0.11312794384488438,0.00869036360771323,16,Drilbur
174,0.0629456864921817,0.20797401836958673,0.1676384335537442,0.05653059919224681,9,Drowzee
175,0.004690836685303037,-0.23061000911282273,0.11856288899123923,-0.02146716045152242,11,Druddigon
176,0.013378899199085635,-0.015307371677116008,-0.2324911383404112,-0.19623063621953668,10,Ducklett
177,0.025901520052552807,-0.10023780920258263,-0.037406009550631614,0.012503109187239349,16,Dugtrio
178,0.05404921104863537,-0.030618555737932228,0.062148170658122316,-0.02898975737643346,7,Dunsparce
179,0.05918631813571615,0.2436048904412058,0.092066324231628,-0.08687045552377357,14,Duosion
180,0.006761823430339733,-0.1200987115063472,-0.06799798162145296,-0.03572188090925855,16,Durant
181,0.059476968700829864,0.11565954969449653,0.1990719021506623,0.022171011158095253,9,Dusclops
182,0.05961446058476676,0.11080593286692074,0.20761270801152656,0.022455484664956872,9,Dusknoir
183,0.05467374277546529,0.18888008884077523,0.10138753009193355,-0.04369906849446051,14,Duskull
184,-0.05862428553494791,0.04186036925261605,-0.1289799886494659,-0.11612548042316975,5,Dustox
185,0.0006533135811183957,-0.07972833426810454,-0.1082256146840314,0.034643215142907885,16,Dwebble
186,0.023416001568566772,-0.012790962449196792,-0.08318990983250311,-0.051701459186527195,1,Eelektrik
187,0.010952900514665723,-0.10369549271342048,0.054734375548548465,-0.0021290792714164296,7,Eelektross
188,0.05772067260205586,0.06291232094336523,-0.08548646555006612,0.031281970706306055,15,Eevee
189,-0.034313016133381544,-0.0641613211262712,-0.002026021119779879,0.07876163980789279,16,Ekans
190,0.03452182296830504,-0.06922738776693046,0.1002511969522751,0.08738779971142879,4,Electabuzz
191,0.019010169966799034,-0.07528202463573974,0.13252304834113238,0.08292531582024137,4,Electivire
192,0.03760306785128055,-0.05601658291835085,0.009160736794933434,-0.054763245352700315,7,Electrike
193,0.024316461354598626,0.08524396449251263,-0.06461689548473426,-0.06365208229002736,5,Electrode
194,0.03899836116348816,-0.04594766766879506,0.05735770910295922,0.08222002385059239,4,Elekid
195,0.023328598970551312,0.27057888819322495,0.14486779794682966,-0.12183277806758788,14,Elgyem
196,0.0060144624983199816,-0.14848641839494217,0.06958441737114611,0.08404500868024832,11,Emboar
197,0.014632177693771916,0.05139178476887463,-0.07399518908992138,-0.0635650232893595,5,Emolga
198,0.024417826599965466,-0.1276839291447235,-0.01567282363192383,-0.03206206998595389,7,Empoleon
199,0.03070508005109282,-0.12551680005299556,0.030386896819534933,-0.06698674193145737,0,Entei
200,-0.029903547875171167,-0.09594385124753232,-0.11313406759920831,0.025332160960950294,16,Escavalier
201,0.05555861845810651,0.19459298918558762,0.06789430115447119,0.0018425629506126408,14,Espeon
202,0.06316484349011442,0.22929052938895642,0.066969808252124,-0.08912659842111127,14,Espurr
203,-0.005254199088271784,-0.13716718443241588,-0.07164473092974583,0.0002255021460393082,16,Excadrill
204,0.0027360929316882477,0.2318539902623555,-0.08941721504418848,0.10351195409781394,8,Exeggcute
205,0.0013802592948505736,0.2110964937883384,-0.0490988985923243,0.0986924460133565,8,Exeggutor
206,0.03252047705231807,-0.17678534943819788,0.17238086394184046,0.04607692097798425,11,Exploud
207,0.015055342704346988,0.0040816014132545875,-0.11742852621078383,-0.08569713500114762,5,Farfetch'd
208,0.020879576222532125,-0.011152588381388863,-0.17835934264963824,-0.16734817023313406,10,Fearow
209,0.06431161873280203,-0.020999721492359714,-0.1469884147114091,-0.06434339646119933,1,Feebas
210,0.044226393675102844,0.10132792253084716,-0.06027101039463916,-0.04237401479460317,5,Fennekin
211,0.04667297963159515,-0.23804030208273563,0.10716428895683412,0.05402315437354946,11,Feraligatr
212,0.013936592018294888,0.04270931225119044,-0.11801094540009532,0.04345162099870231,15,Ferroseed
213,0.021737463592856013,0.028497218496447093,-0.07605198233362741,0.05813131499763014,15,Ferrothorn
214,0.03972374287853237,-0.022011305679692096,-0.12699169941034516,-0.10158898275925198,1,Finneon
215,0.013743784994593175,0.04408831886444977,0.04219780615479285,0.050268714593474186,3,Flaaffy
216,0.0013957627974050457,0.22788195803945369,-0.17216018076627765,0.08808668390068088,8,Flabebe
217,0.039893573908826155,-0.028812593881040665,0.015704627041165438,0.026028537401080798,7,Flareon
218,0.030318097753400507,0.012512367985661323,-0.21760584594504961,-0.10919282396670657,10,Fletchinder
219,0.032294135200686726,0.037313457711929746,-0.2594449538124936,-0.10370022670280604,10,Fletchling
220,0.03668285144321641,-0.13837425049740568,-0.015057021600257198,0.004657483763914113,16,Floatzel
221,0.0013957627974050457,0.22788195803945369,-0.17216018076627765,0.08808668390068088,8,Floette
222,-0.004486938333758868,0.22495604108457434,-0.1698124310408946,0.08715969137284772,8,Floette-Eternal
223,-0.0056644010273656595,0.2381198585664298,-0.15272300741579567,0.08142575759819494,8,Florges
224,-0.01024126372921308,-0.1683712137752143,0.012720048995445044,-0.12815784477836212,0,Flygon
225,-0.006085906072421459,0.13770465804556628,-0.1974176081060156,0.15629401371592386,8,Foongus
226,-0.02592636654571125,0.0185557847708232,-0.054037188837387506,-0.0059235958573267454,15,Forretress
227,0.03261639010337346,-0.13644808106907905,-0.07463744319817522,0.037666866395533495,16,Fraxure
228,0.02888543713520502,0.05580640685503405,-0.011694991080636027,-0.08139593032071601,5,Frillish
229,0.03437674086729667,-0.07024542239054818,-0.08553558387161575,0.0004272641171194976,1,Froakie
230,0.03087082463067134,-0.08179391062551614,-0.05304026738068555,0.013322781367616401,16,Frogadier
231,0.04948033023335072,0.06713464065865203,0.09988172745926337,-0.035788989784209364,3,Froslass
232,0.0549469724433209,0.019157885734349008,-0.06419484130371977,-0.003195695681959775,15,Furfrou
233,0.06982073552594961,-0.0553075973766579,0.07946304698231485,0.06583624575393184,4,Furret
234,0.037828038448733114,-0.21414296734992352,-0.02381623315982784,-0.061684076910290306,0,Gabite
235,0.02958365763304826,0.17312280358872334,0.21783309461270317,0.05942816790115034,9,Gallade
236,-0.09493530955543283,-0.007481424264773489,-0.07848457474673974,-0.03481022447321041,15,Galvantula
237,-0.0023590594427038247,0.0086021747103867,-0.07596285660313767,0.03966944255837785,15,Garbodor
238,0.033574646062614136,0.292722633141353,0.17763885209525898,-0.020360784898299088,14,Gardevoir
239,0.016944337595329647,0.15693429606474607,0.11059585618030979,-0.018950583622373004,14,Gastly
240,0.006618157907751504,-0.06658772692879612,-0.005905146996311674,-0.011846286486053879,7,Gastrodon
241,-0.07012226808551388,0.004013431111918729,0.032086378758925165,-0.11837379974913335,5,Genesect
242,0.02611387791648429,0.10224235361619911,0.20384172680965468,0.057416661337295824,9,Gengar
243,0.05883392675561741,-0.1125563207197634,0.013980571045724513,0.08073414225637654,4,Geodude
244,0.042128165973379365,-0.21323111033884343,-0.026478589651444666,-0.0662934306903849,0,Gible
245,0.02926287574619133,-0.06882773079966097,-0.10299897963934365,-0.03499949627550747,1,Gigalith
246,0.046637580369328635,0.16548725971189016,0.1387676558952287,-0.054943452705647655,14,Girafarig
247,0.02824512442279953,-0.027324935779709715,0.10749807398211157,-0.19494145078384323,12,Giratina
248,0.02824512442279953,-0.027324935779709715,0.10749807398211157,-0.19494145078384323,12,Giratina-Origin
249,0.05592834349758853,0.003354908398472682,-0.01074687394087652,0.009434233758615112,3,Glaceon
250,0.03387543693006625,-0.03027597116286402,0.0011051200425319506,-0.026315303228718126,7,Glalie
251,0.0549717118251216,0.009030949312696955,0.0025617247836491512,0.025920979890084055,3,Glameow
252,-0.029308298900629384,-0.10466187494198342,-0.016536138088773397,-0.013379441272439273,16,Gligar
253,-0.035926642988398275,-0.14216154626527386,0.02408709931603051,-0.030439598626201058,0,Gliscor
254,-0.019563105764278308,0.16753856055652136,-0.19899367374392685,0.24592647608922347,8,Gloom
255,0.03155228182618482,-0.014195355519880357,-0.1552787405257676,0.10530587233384732,15,Gogoat
256,0.026362692323015295,0.01606253380157154,-0.10711068701203577,-0.13319173327281442,5,Golbat
257,0.020568839948685996,-0.10645555538734383,-0.1280116282438521,-0.036379547661049116,1,Goldeen
258,0.04689512455522214,-0.014902312635378162,0.14602786627605133,0.05370679578783822,4,Golduck
259,0.05424223102074391,-0.13771392149560568,0.052517301804449794,0.08095946595686287,4,Golem
260,0.05721950347952649,-0.025468883007598565,0.0831855828073605,0.03877752363530507,4,Golett
261,0.048456943389144004,-0.03837404276252987,0.12559997132261871,0.013640353885345922,4,Golurk
262,0.022252074950237864,-0.18020426317366176,0.005107243920512994,-0.0028970559208689405,16,Goodra
263,0.033953274076034115,-0.0808743085199271,-0.14748188127033462,-0.023906684970316693,1,Goomy
264,0.04644831686098103,-0.0038294824970695964,-0.05638402325526217,-0.07819980638558335,5,Gorebyss
265,0.047884768421982256,0.25170877334305963,0.1487639677252377,-0.0395173127662518,14,Gothita
266,0.04949157475211969,0.23943910105095523,0.1669031109388284,-0.026585533536998406,14,Gothitelle
267,0.0477534479939459,0.2557888731449932,0.15061216443285472,-0.041849670095239114,14,Gothorita
268,0.02214583494328528,0.14493050076892114,0.0019280529772066702,0.026524836493476457,3,Gourgeist
269,-0.6984077222621624,0.019739071734378017,0.02594980124283712,-0.01832918236253542,2,Gourgeist-Large
270,-0.6984077222621624,0.019739071734378017,0.02594980124283712,-0.01832918236253542,2,Gourgeist-Small
271,-0.6984077222621624,0.019739071734378017,0.02594980124283712,-0.01832918236253542,2,Gourgeist-Super
272,0.03886900567359057,-0.1499666518017843,0.19844312400901545,0.09039752321065218,11,Granbull
273,0.05883392675561741,-0.1125563207197634,0.013980571045724513,0.08073414225637654,4,Graveler
274,-0.006786540952259841,-0.06566114343786737,-0.025337848519770924,0.002791235239755119,7,Greninja
275,0.007341156818925207,-0.015001473970832655,0.042731098228728046,0.06526271283988211,4,Grimer
276,0.030422042808698296,0.07406074673289766,-0.11391670028846117,0.15104287578850747,13,Grotle
277,0.02436229244815393,-0.0159684719173798,-0.0422652877949375,0.2398607211716003,13,Grovyle
278,0.04009640930610113,-0.09411019711299437,-0.04086190037626346,-0.009766313687372154,7,Growlithe
279,0.06779119049606969,0.14395948402144756,0.1881780220706635,0.0247531563743334,9,Grumpig
280,0.007200034960369913,0.037880018411362265,-0.00333783348813827,0.10648444290320476,13,Gulpin
281,0.039528042904723545,-0.10573319484954288,0.030591352172272084,0.15824622636026694,4,Gurdurr
282,0.027027239090304217,-0.19465666973085616,0.05352491390981103,-0.07027732090696485,0,Gyarados
283,0.07513244769200282,0.12475246779544162,0.008336094088204606,0.018089787798556967,3,Happiny
284,0.03634463414291845,-0.12460677179692187,0.09508645207016325,0.1555350775003809,4,Hariyama
285,0.014864172030492404,0.14472655963616046,0.12446733396156962,-0.006813984411237202,14,Haunter
286,0.019485708273866035,-0.04642172412377709,-0.031638692192636424,0.019573820246956662,7,Hawlucha
287,0.036805854983710175,-0.15982337452464637,-0.029632156163608068,0.05270265926798644,16,Haxorus
288,-0.0006836778345656539,-0.03731804796379998,0.002681293418467021,0.0799526776166767,4,Heatmor
289,-0.009407720909307618,-0.016464741317206398,-0.012597457277698707,-0.048322161334753845,7,Heliolisk
290,-0.012441426881846839,0.007722472894354695,-0.07294487416797486,-0.06135741423654504,5,Helioptile
291,0.0036902394175468063,-0.11013505411294111,-0.03230740329641802,0.1316327467592936,16,Heracross
292,0.0491478270427902,-0.08220750123563113,-0.009783915880518487,-0.011568525951840594,7,Herdier
293,0.05166485425945319,-0.09119483357004368,-0.09213159976347216,-0.0057050957114554894,1,Hippopotas
294,0.0382623529297627,-0.1515300626742801,-0.0263022286814572,-0.02486783575448825,16,Hippowdon
295,0.03163122813869476,-0.08204581563790371,0.03896927580619114,0.14528200601301733,4,Hitmonchan
296,0.01489439829310975,-0.0973967756548575,0.043105685369697694,0.15213887229578532,4,Hitmonlee
297,0.016043237322676457,-0.06364247614045034,-0.028750859075063574,0.08688566084991678,16,Hitmontop
298,0.033021543132447165,0.0661538701331769,-0.011411725636861552,-0.13786444630179664,5,Honchkrow
299,0.00744450453025829,0.00022575170585072837,-0.12388237035345223,-0.03124866026389243,1,Honedge
300,0.03445902710371137,0.02869393339017569,0.01812884646968743,-0.20683144973087264,5,Ho-Oh
301,0.004107549830794704,0.20581224426441289,0.18833997642439468,-0.03651134286965026,14,Hoopa
302,0.004107549830794704,0.20581224426441289,0.18833997642439468,-0.03651134286965026,14,Hoopa-Unbound
303,0.03235771011877498,0.08372451962133168,-0.0889935417326349,-0.1997080912177052,5,Hoothoot
304,-0.010233894806666366,0.18252005872828136,-0.1672718112563062,0.13733566819559068,8,Hoppip
305,0.03650763402594438,-0.1306182741936717,-0.07184760449635307,-0.07273714368053136,0,Horsea
306,0.026536943289081297,-0.047127952810060464,0.09770706992882819,0.025911606217476433,4,Houndoom
307,0.02465069631081286,-0.04048320015642565,0.09272474410226894,0.026922425506019972,4,Houndour
308,0.040647029304531214,-0.06794543703642018,-0.04560791933273825,-0.05962826759529462,7,Huntail
309,0.004021161342648457,-0.19355193207741986,0.10603384015860806,-0.15248301723080793,0,Hydreigon
310,0.062297129457268896,0.20528900496867356,0.17823183223267147,0.05375882802061633,9,Hypno
311,0.06118693161754717,0.16948003141015533,0.0680788725458265,0.04470735310850194,14,Igglybuff
312,-0.004673675730281104,0.08821706796577913,0.011758104166690462,0.03255712548744818,3,Illumise
313,0.003815317302181326,0.10935165355053762,0.007165402130004468,-0.010611420929772672,3,Inkay
314,-0.037315664314265126,0.108729236945851,-0.14940734425933855,0.2262186115325806,8,Ivysaur
315,0.03064690096314093,0.05268744878206673,-0.008090023105204448,-0.08452837480808573,5,Jellicent
316,0.05499205732761198,0.13831696227862716,0.16872361356204035,0.0880746070062155,9,Jigglypuff
317,0.041063244303294645,0.1756773615033119,0.18019451051931584,-0.08062355381352032,14,Jirachi
318,0.05147200545415001,0.042426806061139084,0.01199910975546416,0.00774746792917725,3,Jolteon
319,-0.09289217021234016,-0.004349792222775088,-0.0946036021911368,-0.02975983259031702,15,Joltik
320,-0.011848831951421963,0.1758428018471072,-0.1620284199634141,0.13603080501045708,8,Jumpluff
321,0.044059557962875966,0.1599107433001359,0.17120398491336622,0.045205993881790925,9,Jynx
322,0.03156360396909259,-0.0878260139126039,-0.06010485600252966,-0.013346557059574602,16,Kabuto
323,0.026849127886705872,-0.14047769038724173,-0.0025204568718204656,0.04557164615102718,16,Kabutops
324,0.04517217889001311,0.25342808702082414,0.2118407868606043,0.002409116826183629,14,Kadabra
325,-0.940022703401181,-0.04443611133759988,0.0749778507353294,-0.02270823193356302,2,Kakuna
326,0.053769079997629525,-0.137550939721597,0.16994035622091005,0.09231352533437762,11,Kangaskhan
327,-0.015444174399440977,-0.06689078414908792,-0.16900222626314967,0.01804120894517659,1,Karrablast
328,0.05443766239418007,0.014744129246213884,0.1971735115586263,0.07416457868866087,9,Kecleon
329,0.03867974298198436,-0.054813303841046296,-0.08016408395649052,-0.019496880104198696,1,Keldeo
330,0.03367593340080038,-0.13647544256910737,-0.037027823749356675,-0.07599750085665287,0,Kingdra
331,0.03804330817345285,-0.12099628735131533,-0.02379498552214727,0.015311734859363485,16,Kingler
332,0.032188894990161906,0.29415498868236944,0.15851018830283597,-0.020698647812530793,14,Kirlia
333,-0.009063807047704518,0.05617311730791097,-0.08998127029060178,-0.1247753908473498,5,Klang
334,0.0021038803790531676,0.17037701871241884,-0.040298100802415554,-0.07825495528203825,6,Klefki
335,-0.009063807047704518,0.05617311730791097,-0.08998127029060178,-0.1247753908473498,5,Klink
336,-0.01936052754013568,0.07222787539540497,-0.0578514481788713,-0.12863799440571616,5,Klinklang
337,-0.0024015544745315948,0.04399579843585373,-0.01871938200118724,0.02001813805750445,3,Koffing
338,0.038337389585062866,-0.11997296039864068,-0.03515904993353661,0.015479465561944251,16,Krabby
339,-0.726082807933428,-0.00595637931538293,0.0927929423262479,0.024977130048222624,2,Kricketot
340,-0.028635423112131214,-0.006181624366205341,-0.11287692462224587,0.023484345641915035,15,Kricketune
341,0.03952347518828214,-0.15066708669882398,0.08908934826118074,0.07180347466419494,11,Krokorok
342,0.036090467189420924,-0.1794406633586554,0.1244233792795426,0.06259206818613762,11,Krookodile
343,0.06110954496844927,-0.12655966215623135,-0.0013713595315997128,-0.08636411915642736,0,Kyogre
344,0.04167486081158042,-0.10707664143179035,-0.011137654815135156,-0.15967111381822538,0,Kyurem
345,0.01765541184311549,-0.10646311515802535,-0.004694216097997374,-0.15957076488711908,0,Kyurem-Black
346,0.01582513007647969,-0.10642490382599382,-0.004745038613674056,-0.15988876762787693,0,Kyurem-White
347,0.03994259600142606,-0.11088229721057964,-0.022076588812399673,-0.012777089266303526,7,Lairon
348,0.04202759138170803,0.11845205857448958,0.03943578544241542,-0.04789510813509734,6,Lampent
349,0.04612073412964416,-0.0831645895082144,-0.016619293671722383,-0.015955381684605814,7,Landorus
350,0.04612073412964416,-0.0831645895082144,-0.016619293671722383,-0.015955381684605814,7,Landorus-Therian
351,0.020559636113931003,-0.010265049721368711,-0.04416829654735916,-0.06123352725394629,5,Lanturn
352,0.034724606557454664,-0.07817998983742173,0.028325527726889822,-0.07321476279329438,7,Lapras
353,-0.04181767124936914,0.022118260290258072,-0.13147671994124,-0.0772148432053301,5,Larvesta
354,0.0655029121866609,-0.1491852502230338,0.01302136889138462,-0.00949417331012614,7,Larvitar
355,0.0554996128843086,0.12983830684449665,0.09597517254726455,-0.12655708861673928,6,Latias
356,0.05863045535714608,0.11597601211966856,0.09769049235356693,-0.13480211337964254,6,Latios
357,0.04534551140631489,0.08185283497656402,-0.05993385093104366,0.12235341489319022,13,Leafeon
358,-0.042106254280572596,0.11579885489669642,-0.10823835955169407,0.03663901138548567,15,Leavanny
359,-0.010565115944056007,0.020372898020783254,-0.04788223172275704,-0.0024664772953006267,15,Ledian
360,-0.018179870999905888,0.044630771316545144,-0.08074678864228842,-0.005431731333474591,15,Ledyba
361,0.05632675069586285,-0.08206532628631702,0.15868224324545271,0.09513022547960594,4,Lickilicky
362,0.05638173084118417,-0.08421829324604099,0.14787239467243019,0.09430373370809352,4,Lickitung
363,0.032746812739001374,0.05748813467934253,0.017101276585795973,0.03781310103354815,3,Liepard
364,0.002998313338239273,0.07445090740640284,-0.07676063276637346,0.09898570256741247,15,Lileep
365,0.0034423644404306965,0.2269794808332283,-0.1801692271674114,0.16700471277707968,8,Lilligant
366,0.04761743682020076,-0.07133564653866085,-0.01749388083798522,-0.017327405714586762,7,Lillipup
367,0.044657730242302324,-0.04216952846615011,0.039746977223147587,0.06324366724472008,4,Linoone
368,0.050758664917791504,-0.08065224148738513,-0.04143075087213568,-0.02393323093774822,7,Litleo
369,0.04202759138170803,0.11845205857448958,0.03943578544241542,-0.04789510813509734,6,Litwick
370,0.043191669859088164,-0.03977928765783951,-0.016856733836181307,0.13795701616258388,13,Lombre
371,0.027179550272396272,0.03239547434320796,0.0778332016729616,0.098580607423348,3,Lopunny
372,0.04870695536279661,0.030277702990384146,-0.14218889699851536,0.08773027249372947,15,Lotad
373,0.05322582098195042,-0.11431058581060109,0.10675554788493137,0.07216091438334761,4,Loudred
374,0.016708500345142735,-0.0875293134178122,0.11936915151552796,0.07247517049718666,4,Lucario
375,0.04427392001343411,-0.05634471522451887,0.03471774256215834,0.15843043515857014,4,Ludicolo
376,0.03744424795641031,0.00935112188183634,0.11350627869625259,-0.2177977922568018,12,Lugia
377,0.04138357123628139,-0.024296468602389973,-0.12256764645105123,-0.10522665593089009,1,Lumineon
378,0.054116705634539485,0.15823483822115358,0.09786760186622674,-0.09740551032807968,6,Lunatone
379,0.037524107211722446,0.005460751174453785,-0.1645573556737534,-0.039755609601459074,1,Luvdisc
380,0.03361426671814942,-0.061787101609677084,-0.008349424828381673,-0.04137181424868121,7,Luxio
381,0.023621775034250836,-0.056388790918004146,0.00012457641545212883,-0.03904803514221468,7,Luxray
382,0.040274610036778624,-0.1031788652546523,0.11389241319089764,0.15843322438372978,4,Machamp
383,0.041791054718131854,-0.09483698466027096,0.11033710304517107,0.16354101011847194,4,Machoke
384,0.041791054718131854,-0.09483698466027096,0.11033710304517107,0.16354101011847194,4,Machop
385,0.02779613310993415,-0.07949998730653009,0.05174462432448418,0.09656409748310292,4,Magby
386,0.01913966133950002,0.017232083533256667,-0.000975627801901531,-0.0021818810723680223,3,Magcargo
387,-0.6155302609946193,0.007869806974026556,0.05062199360368103,0.021962666432445124,2,Magikarp
388,0.025920161758410658,-0.09290855397471114,0.08970523145816713,0.11149954400927725,4,Magmar
389,0.026814374897021293,-0.10863686081055836,0.12332349938322043,0.11472669796070956,4,Magmortar
390,0.019513275444353585,0.10048043584704057,-0.05630359534852379,-0.10985636434705484,5,Magnemite
391,0.0063084411105109066,0.10268606060828295,-0.035756209952420105,-0.11318191670055056,5,Magneton
392,-0.00408016141132622,0.09991509780971777,-0.006754583472844964,-0.10583598762584333,6,Magnezone
393,0.03614831891193577,-0.11047395705587458,0.08029201245559786,0.16434839455522632,4,Makuhita
394,0.008574713259286016,0.10924566476731117,0.029901993344092485,-0.01165366116866255,3,Malamar
395,0.03343792896232026,-0.14066363485617134,-0.004630842797082138,-0.03350087486716787,0,Mamoswine
396,0.06880010754137003,0.060597616431823494,-0.021133340605995036,-0.058733741649932246,5,Manaphy
397,0.024147654624651158,0.02739131360389314,-0.08131598470696726,-0.13482984298066714,5,Mandibuzz
398,0.028597205958844955,-0.04006828441875372,0.017019567283858183,-0.056622322249428286,7,Manectric
399,0.047180052014139606,-0.09632114152724223,0.11013886663947489,0.15293120330523646,4,Mankey
400,-0.005159487190768822,-0.1019552977470265,-0.06389682011708332,-0.07510401725891315,1,Mantine
401,0.03627429318864185,-0.07983253964262485,-0.11145300137052722,-0.0871339104931843,1,Mantyke
402,-0.03236566800312408,0.14123547410970058,-0.20599571330257,0.1693836229206636,8,Maractus
403,0.005743268428696825,0.09049640153537898,-0.04792792889374996,-0.02913161445009278,15,Mareep
404,0.04425288628059066,-0.060581468889174005,0.05127655105657125,0.0812713959365958,4,Marill
405,0.03948226052376949,-0.16648350438275208,0.10792433183053278,0.08928707491137763,11,Marowak
406,0.04044792856952909,-0.1686933585679037,0.05825603225063699,0.056811426510364825,11,Marshtomp
407,-0.05172396532605018,0.0341135915901724,-0.07187393033607183,-0.12279101479899229,5,Masquerain
408,0.008786907683635258,-0.036571281539503356,0.17906613723585366,0.0754450583053482,4,Mawile
409,0.052722746842400046,0.10012967095477354,0.16325122119524826,0.08477066237757411,9,Medicham
410,0.05121613578460434,0.10104117457951606,0.15561708846916258,0.08781216946336613,9,Meditite
411,0.008258800406119735,0.11311405307918372,-0.1207094478079287,0.17143716020429878,8,Meganium
412,0.039548552838860294,0.17081601418482847,0.19048763043550107,-0.005463934606004839,9,Meloetta
413,0.04908574048050181,0.23534499833274436,0.1050650590042897,-0.07820486192267244,14,Meowstic-F
414,0.05172899674313095,0.23326860107504838,0.10348927139681725,-0.06950685749409923,14,Meowstic-M
415,0.03342369184063476,0.017477906548359422,0.03288578905688623,0.043142498410072116,3,Meowth
416,0.03716100457524684,0.0030748125177926283,0.08535241424773092,-0.04353357804165973,3,Metagross
417,0.038381563566459345,0.008082440980060347,0.07895351040623504,-0.047004859090172775,3,Metang
418,-0.8967807399011289,-0.054496145204075495,0.07438323432748963,-0.05000273111677393,2,Metapod
419,-0.005885399516618534,0.04656183757715264,0.26633439120700525,-0.008666977806574232,9,Mew
420,0.051730430452926135,0.1276649120856723,0.28741983193900206,-0.007495859052939318,9,Mewtwo
421,0.02230716101131919,-0.0039677875196473915,-0.004532421937919492,0.11259618391947745,13,Mienfoo
422,0.01920883669490209,-0.008429575973502036,-0.0005370572004641975,0.10923193656389434,13,Mienshao
423,0.04518120084146444,-0.06971175447902836,0.060782147228058345,-0.002143043258471752,7,Mightyena
424,0.04596023838864141,-0.016270335813352393,-0.04001280613190081,-0.07623010161542294,5,Milotic
425,0.06198551924080141,-0.06893308698918746,0.12457681429709895,0.07310696504463057,4,Miltank
426,0.05731507204858818,0.2516898966979098,0.13385138871612282,0.006616697540445606,14,Mime Jr.
427,0.04118543836848384,0.05434187408770929,-0.06488891689489874,0.0893645264267401,13,Minccino
428,0.037320867148988836,0.10342535519474044,0.02222095090156315,0.058155865145806424,3,Minun
429,0.04100360637171526,0.22308594371260376,0.11857282778804426,-0.05939143947095239,14,Misdreavus
430,0.03489280269591455,0.2264150485260162,0.13115914067507317,-0.05921132236824391,14,Mismagius
431,0.023078020397454078,-0.02670870762047604,-0.16141418946462288,-0.22303409672729496,10,Moltres
432,0.029880926208117997,-0.11089207405356502,0.07955273158282526,0.12577300070657504,4,Monferno
433,-0.03422364705429601,0.07601560177655745,-0.11544399918668932,-0.14901803253687074,5,Mothim
434,0.04323810326577126,0.23379168559864252,0.2149359501051348,0.053466117666368974,9,Mr. Mime
435,0.03992621073335844,-0.14391056865366594,-0.010886293177421957,0.008395582377163695,16,Mudkip
436,0.012060998265181975,-0.03872600585383728,0.08632708796283375,0.07371609219679467,4,Muk
437,0.05260383207247386,-0.08757396425439644,0.0965349593046583,0.05656006365305532,4,Munchlax
438,0.04142118308677891,0.2810145111200228,0.057151648768967285,-0.06485833504204278,14,Munna
439,0.03304237253575379,0.076428121658822,-0.023762339880786038,-0.14457093568086318,5,Murkrow
440,0.04337831444245499,0.27869374342514375,0.060945256229114404,-0.06809422228186154,14,Musharna
441,0.027566752508985385,0.25462348211854685,0.032150508606017,-0.13747321016119043,6,Natu
442,0.003917460512074546,-0.19824363647873194,0.16990324969911644,0.0765310023170196,11,Nidoking
443,0.0013843985111913987,-0.20399147735456352,0.18213737170893515,0.09302679948765157,11,Nidoqueen
444,0.0014659346127319107,-0.09716238837682178,-0.008063194032668497,0.06723594718156432,16,Nidoran-F
445,0.001561316771817491,-0.08365344949143115,-0.030310648647322008,0.04526910848314928,16,Nidoran-M
446,0.0014659346127319107,-0.09716238837682178,-0.008063194032668497,0.06723594718156432,16,Nidorina
447,0.001561316771817491,-0.08365344949143115,-0.030310648647322008,0.04526910848314928,16,Nidorino
448,-0.03195371580353557,-0.004910182991751236,-0.1648340041561608,-0.021084335101449844,1,Nincada
449,0.039089135434188134,0.06064953222190013,0.03405337888650911,-0.028389151791806,3,Ninetales
450,-0.029621529489662086,0.011324405357046242,-0.1448830407446813,-0.07093704209423564,5,Ninjask
451,0.03377325474537754,0.08107851718348079,-0.08458860309849021,-0.20259266211052654,5,Noctowl
452,0.007078170205314983,-0.04153660222479592,-0.1289858857979075,-0.16613932696835806,10,Noibat
453,0.005656851456535856,-0.050012414632559725,-0.09129188913458525,-0.15662179573051865,5,Noivern
454,0.038335957696441936,-0.020393185463859355,0.02426754373480983,-0.026246876463601503,7,Nosepass
455,0.037625612528026285,-0.06443110525785178,-0.027090872178602173,0.022963972201830475,7,Numel
456,0.03798071247572794,0.053568407867204126,-0.022374699546132686,0.1577620646942141,13,Nuzleaf
457,-0.020407110107763145,-0.09989293883823633,-0.0010295382481846195,-0.015694602190466922,7,Octillery
458,-0.017885152079487338,0.16958520332498295,-0.2152393731694325,0.22693999449258692,8,Oddish
459,0.024350301508862717,-0.10563368348507662,-0.020446370927725277,-0.026810459361142694,7,Omanyte
460,0.021253312417033696,-0.119618270907149,0.005997423231267077,-0.019908523248784057,7,Omastar
461,0.04885474917595706,-0.11251254584145978,-0.007381505938476974,-0.0040046868572032835,7,Onix
462,0.029955882878698385,-0.10929419480827617,-0.10220143506754237,0.011596122757208047,16,Oshawott
463,0.01921701467036484,0.04298011707683145,-0.012450274791246276,0.029563674941242485,3,Pachirisu
464,0.051294667613425236,-0.14720995430735256,0.08592116161674355,-0.09161771034802725,0,Palkia
465,0.02404619353256738,-0.07997856924640734,-0.12892562752306727,-0.034750610862682704,1,Palpitoad
466,0.007530056441439709,-0.09695378770522534,0.06277447197474317,0.11835108637729959,4,Pancham
467,0.005866013991721255,-0.1144075492579944,0.10558656088362935,0.11744185596316828,4,Pangoro
468,0.05130957058792787,-0.07614126619834069,0.010348594068695803,0.06040428040749891,4,Panpour
469,0.035925045913151446,0.04602240374751452,-0.05013953785270142,0.18006197273898553,13,Pansage
470,0.04744955612929745,-0.03445320322481096,0.027265889236003205,0.08413088426457287,4,Pansear
471,-0.05738825668731589,0.0680257603286911,-0.12326071696315502,0.17937607258865182,8,Paras
472,-0.0564263313237625,0.06573127717662777,-0.11918538164887459,0.17546696922274663,8,Parasect
473,0.04797308731718739,-0.006854259162796728,-0.06122125983631832,0.04603202776570769,15,Patrat
474,0.029029785982264664,-0.05108679972851188,0.014320486509414875,0.06095484514348292,4,Pawniard
475,0.010958884075563209,-0.04274295695688604,-0.13210584502849085,-0.13873094901932237,10,Pelipper
476,0.03210326789665169,0.014715633963849046,0.05346128060387642,0.04419972206812664,3,Persian
477,0.006730872924322063,0.21112297255643148,-0.21709554918230353,0.16699778564239834,8,Petilil
478,0.052793701228678665,-0.09482670048234253,-0.06277547284552136,0.046129751407085605,16,Phanpy
479,0.0061375700533922994,0.1465047061066504,-0.027125576567966964,0.05669400445358523,3,Phantump
480,0.06630699529463197,-0.003812605444609315,-0.11058186842489016,-0.050178182140045775,1,Phione
481,0.03135555690553323,0.08079617747438482,0.013957335762689238,0.08119760808437962,3,Pichu
482,0.031102092279845624,0.01457298008399969,-0.20997125275795125,-0.20701941190750078,10,Pidgeot
483,0.02986932860160324,0.017256338083930033,-0.2143638601052703,-0.20366432183223732,10,Pidgeotto
484,0.02861726383182184,0.011465527148704911,-0.21866058356839352,-0.20499353035515228,10,Pidgey
485,0.016098337699772303,0.05846063803751609,-0.24808499254665722,-0.15345648641655918,10,Pidove
486,0.014123241133731406,-0.12639018380758005,0.03614124514425275,0.09166466329272524,4,Pignite
487,0.00044172365819482485,0.044682859964616635,0.08158466953212148,0.11124361610320116,3,Pikachu
488,0.04036446587344249,-0.12521760598969314,-0.03433062883066801,-0.04457805348148785,7,Piloswine
489,-0.02072296889624753,0.017872640165451623,-0.09917349120675098,0.015634768441293915,15,Pineco
490,-0.019028811002216265,-0.10688551364198476,-0.0394507438945819,0.08096765791265519,16,Pinsir
491,0.028596590060917658,-0.07293897875195429,-0.09705137646182053,-0.03263838290586805,1,Piplup
492,0.03978370094208015,0.10413614142065108,0.021048027074450876,0.05681876220700971,3,Plusle
493,0.05056549863038486,-0.09031730984208156,0.04665677250713477,0.05868714297134234,4,Politoed
494,0.04661518597473274,-0.04132477218219083,-0.09169868904266872,-0.02051616559884594,1,Poliwag
495,0.05427218726014295,-0.0804889271622751,0.007415830987905401,0.06347435741508414,4,Poliwhirl
496,0.039875101843040106,-0.11900378525554763,0.07237111181749992,0.08141245544758234,4,Poliwrath
497,0.019416408256587747,-0.057389048624574515,-0.11535785148466822,-0.0018473371364321385,1,Ponyta
498,0.043531463411343785,-0.06265815170487932,0.05522935079203216,-0.0011723326950646052,7,Poochyena
499,0.023279880302579856,0.136326094250107,0.0475900001061134,-0.1317070557142844,6,Porygon
500,0.02464551106973672,0.13734307388226621,0.05062297575649057,-0.12787481565376504,6,Porygon2
501,0.026854840546799884,0.14298368926522084,0.06866425614552314,-0.12740843250032735,6,Porygon-Z
502,0.04541874955740821,-0.10609430100406679,0.11583318648067835,0.14899838132161194,4,Primeape
503,0.02727814581517939,-0.09456250744971996,-0.07361341844528496,-0.02631063678297491,1,Prinplup
504,0.03543802357506424,-0.02994521511852011,0.04648205526926235,-0.03919454672803511,7,Probopass
505,0.04896897635413435,0.004170208429933565,0.11767792127468821,0.03717890366382131,3,Psyduck
506,0.02434225090437552,0.1553161983069604,-0.01888871798714269,0.0319807101442147,3,Pumpkaboo
507,-0.6984077222621624,0.019739071734378017,0.02594980124283712,-0.01832918236253542,2,Pumpkaboo-Large
508,-0.6984077222621624,0.019739071734378017,0.02594980124283712,-0.01832918236253542,2,Pumpkaboo-Small
509,-0.6984077222621624,0.019739071734378017,0.02594980124283712,-0.01832918236253542,2,Pumpkaboo-Super
510,0.0655029121866609,-0.1491852502230338,0.01302136889138462,-0.00949417331012614,7,Pupitar
511,0.029349691463015994,0.0689328178426344,0.004615332820411236,0.039903268824596945,3,Purrloin
512,0.05641871858750363,-0.00953459381535256,0.02122443758439105,0.026157396642114847,3,Purugly
513,0.0499967546011488,-0.09058070390429543,-0.03322376621093652,-0.028212272920201207,7,Pyroar
514,0.044160655027991776,-0.09331590098323411,0.0814243005406858,0.05864971242539166,4,Quagsire
515,0.02016959391183013,-0.1181206020879595,-0.059099652501632814,0.027986670591899774,16,Quilava
516,0.03167956855783343,-0.05520466925594446,-0.002065464019031866,0.17653835322290667,13,Quilladin
517,-0.0031794747784250135,-0.05882837487872721,-0.036031747669559945,-0.01246402258478716,7,Qwilfish
518,0.0032369733197688466,0.03784153756313268,0.09387102773846083,0.109278512007577,3,Raichu
519,0.04504579528628002,-0.04359051668931443,0.03592207812253443,-0.09418722928825823,7,Raikou
520,0.032188894990161906,0.29415498868236944,0.15851018830283597,-0.020698647812530793,14,Ralts
521,0.055724922773833105,-0.21581623975433767,0.10799987940475685,0.009373861883788002,11,Rampardos
522,0.008024817063923754,-0.06532456193317106,-0.10293040715698953,-0.0028035857183379134,1,Rapidash
523,0.05830228525302967,-0.0696656608144705,0.00841877720604194,0.005762441115653307,7,Raticate
524,0.05358668355504632,-0.06556687936045624,-0.006716042454092663,-0.00012805374801671635,7,Rattata
525,0.06629772550610485,-0.08990056144662184,0.09761554859661672,0.003007374813190364,4,Regice
526,0.04670528613300278,-0.09368637545301024,0.06861346782202427,0.01150421245969537,7,Regigigas
527,0.062982743168045,-0.10219495266798254,0.08544298548285734,0.022020317486781713,4,Regirock
528,0.06789361650386609,-0.058941609915824145,0.08981635777035955,0.007278212744493664,4,Registeel
529,0.052795131006029346,-0.12067351232844939,-0.029738962607314682,-0.0731478049237923,0,Relicanth
530,-0.00753172860307122,-0.09551010099697212,-0.05386992935404505,-0.038254796222568964,7,Remoraid
531,0.0034630297964175064,-0.1133332363597123,0.004985444757756523,-0.16417189497510407,0,Reshiram
532,0.06579162595297745,0.18509194730371797,0.1731044041695315,-0.019071684351000286,14,Reuniclus
533,0.02467009213980141,-0.2424641674233358,0.18306204009263144,0.060356615920901455,11,Rhydon
534,0.018934459434309103,-0.2086170525545084,0.08917403330344247,0.00039658915799935615,11,Rhyhorn
535,0.01963366554690932,-0.24771089440849145,0.19507908959948803,0.05218462530833691,11,Rhyperior
536,0.023090437878896967,-0.08258058766020214,0.05286847254907932,0.10566982738800199,4,Riolu
537,0.028603404201831512,-0.054671156728183595,-0.12435774363374236,-0.03817478286331383,1,Roggenrola
538,-0.0316203415878654,0.14551237035044523,-0.16906837257896562,0.18676913707362378,8,Roselia
539,-0.03973920460220732,0.15621614407497447,-0.16238796129651878,0.19880583218417272,8,Roserade
540,0.059022207589156175,0.12266764179355613,0.0002182352636569039,-0.11528145031146482,6,Rotom
541,0.055802038610908294,0.11560238092569852,0.002552048350264594,-0.12149094432062213,6,Rotom-Fan
542,0.058863108767127116,0.11498312500847581,0.007266170901634088,-0.11736634988391789,6,Rotom-Frost
543,0.05809067193582823,0.12109811069782755,0.0024986728419034605,-0.11427511295449867,6,Rotom-Heat
544,0.05686418760957446,0.12389652097274943,-0.0006077300362097902,-0.11000458893638689,6,Rotom-Mow
545,0.056840505930797015,0.11539225081531224,0.0007835274877160278,-0.11465724390937426,6,Rotom-Wash
546,0.03007248675914902,-0.07986735772669708,-0.19408953383505204,-0.14991638327016196,10,Rufflet
547,0.04981890281438991,0.08218628177482964,0.21059185405811262,0.07903130525248313,9,Sableye
548,0.0276238305636482,-0.1948848751051873,0.03158779865653968,-0.14563590736361084,0,Salamence
549,0.008420529363917755,-0.13539564853361785,-0.060686732791589475,0.02282406052285725,16,Samurott
550,0.03406636729869952,-0.13009272526015514,0.030122179876628515,-0.005525978187437382,7,Sandile
551,0.022921092768026563,-0.1311808798925259,0.008117672109713401,0.10204981394991648,4,Sandshrew
552,0.024876355146613984,-0.14443949497308642,0.026839920156419714,0.09804314666406237,4,Sandslash
553,0.06969143166340422,-0.08795023242824904,0.007379974848143996,0.12171835444811464,4,Sawk
554,0.026939048541795244,0.11974336852048519,-0.14543512993013868,0.08570147728308354,8,Sawsbuck
555,-0.8509059223835621,0.06758147446228509,-0.01123544724295556,0.08706584363720421,2,Scatterbug
556,0.021480592033144938,-0.05969770894789628,0.0028349074525749664,0.22050374686963584,13,Sceptile
557,0.0012875740060523625,-0.03325696563110766,-0.09615380112523929,-0.046643942670378066,1,Scizor
558,-0.04642075494817405,-0.10157827066002652,-0.09407089493427026,0.02369667158190099,16,Scolipede
559,0.037933276624354736,-0.14399982266272907,0.12144537486829361,0.09231633962503526,11,Scrafty
560,0.035935116177135656,-0.13819124047305997,0.11577737702210253,0.09878710328138346,11,Scraggy
561,-0.001674033912392041,-0.01317929055788413,-0.1434499377982229,-0.06181050041370295,1,Scyther
562,0.03762625271030742,-0.1331698719272292,-0.06761682159995024,-0.07592391370586096,0,Seadra
563,0.02177986968524069,-0.10955707265188577,-0.12355163982646071,-0.03968466867511738,1,Seaking
564,0.04078802265687091,-0.08982260846367902,-0.04972224196625951,0.0011138977031625097,16,Sealeo
565,0.03906614575324797,0.107242822175343,-0.14015552638906265,0.11916842125841334,8,Seedot
566,0.024873565737969366,-0.022669102938766356,-0.07764604527975041,0.008584249394599414,1,Seel
567,0.025168788051446733,-0.1265891226132621,-0.008103533595253978,0.05196818832114877,16,Seismitoad
568,0.06681180389224414,-0.027608418556800178,0.043144594914977845,0.06967677786006239,4,Sentret
569,-0.01133800134376499,0.11525525676542464,-0.07572637117920082,0.1588012683338705,8,Serperior
570,-0.0016375355839411759,0.15738766802747692,-0.10783263309522106,0.1728361684544667,8,Servine
571,-0.008124672920801332,-0.07052520512850614,0.0028278751402089886,0.07138613741791519,16,Seviper
572,-0.034006067122670215,0.12584498659226648,-0.16447995317833974,0.001088151651562159,15,Sewaddle
573,0.021909555830372324,-0.18233502207199942,0.013886467222552646,-0.027344262698440522,0,Sharpedo
574,0.01805078668925013,0.14414791510680752,-0.15227237771214952,0.059223197774982445,8,Shaymin
575,0.01805078668925013,0.14414791510680752,-0.15227237771214952,0.059223197774982445,8,Shaymin-Sky
576,-0.036889252923181064,0.06369998998158592,-0.06068628547796857,-0.02661928212058482,15,Shedinja
577,0.046606172147241234,-0.1718022518833498,-0.007709351690233562,-0.05594658346358367,0,Shelgon
578,-0.0007042829709009974,-0.06203888197106186,-0.13586801637604048,-0.04417921351938455,1,Shellder
579,0.004510717069615133,-0.008747527647669482,-0.07467200493450105,-0.018958232353582852,1,Shellos
580,-0.012340412999843165,0.055073036068897296,-0.12275286688650452,0.01817477079476067,15,Shelmet
581,0.05010374027230662,-0.11913181941692437,0.020473301774641416,-0.024915480545037724,7,Shieldon
582,0.0252658391296296,0.025471620686279176,0.015521296324394217,0.11698841035374623,13,Shiftry
583,0.03361426671814942,-0.061787101609677084,-0.008349424828381673,-0.04137181424868121,7,Shinx
584,0.023877541584818387,0.13126557816983575,-0.16536345613943096,0.18468890099207466,8,Shroomish
585,-0.04203936618570299,0.004233955707656683,-0.005514102006701677,0.043563377453652644,3,Shuckle
586,0.043063379964423915,0.1849616097672614,0.11027910084244297,-0.04534963423998287,14,Shuppet
587,0.025605947647145508,0.1958214590855139,0.0410359047020842,-0.23278332967266488,6,Sigilyph
588,-0.9385418907506103,-0.08043669873192924,0.0872744556445378,-0.028411405846100104,2,Silcoon
589,0.05531141989820279,-0.10098584488549203,0.047608165464780125,0.0730785203173268,4,Simipour
590,0.04016488573086734,0.016631247720842544,-0.011204946937730866,0.18729050629115568,13,Simisage
591,0.05026311491630747,-0.06130235181271327,0.06298323029796392,0.09546317992552737,4,Simisear
592,0.013803955153577453,-0.06502211625783319,-0.07449408966655338,-0.10729039851870621,1,Skarmory
593,0.02896673945162884,0.006745727377981846,-0.178185326380321,0.11051562459016369,15,Skiddo
594,-0.010233894806666366,0.18252005872828136,-0.1672718112563062,0.13733566819559068,8,Skiploom
595,0.05841868504485601,0.09471997520553949,0.04678854823917064,0.013472807613182545,3,Skitty
596,-0.05627493314776606,-0.1245930015148494,-0.015826715138546776,0.053791337234638414,16,Skorupi
597,-0.006784457595137002,-0.11229811190496929,-0.0998525845349721,-0.05406664270929736,1,Skrelp
598,0.011253825539789502,-0.09223962194963249,0.020838228740337923,0.02116135599209353,7,Skuntank
599,0.05853423199090966,-0.12925480562553157,0.14097132445958444,0.11909862668805105,11,Slaking
600,0.06256449398908054,-0.11275939336377,0.08830480212063138,0.10176885822149266,4,Slakoth
601,0.0351792422333247,-0.09301677533533409,-0.13238546398461312,-0.0311644529634984,1,Sliggoo
602,0.06901000000642009,0.0627553915456509,0.1876134305544898,0.012868086858095342,9,Slowbro
603,0.0644216255815985,0.05754904721068166,0.1971645832554459,0.020942225794640484,9,Slowking
604,0.06781509548273183,0.10092119091679598,0.10955678929254381,-0.05555077005736973,6,Slowpoke
605,0.02029793638642421,0.029355923871923883,-0.032663781884483045,-0.0037747955873418185,3,Slugma
606,0.012243079868339354,0.18739569132445552,-0.07471406358411262,0.017504538967282948,15,Slurpuff
607,-0.6914718635458492,0.04837453165095812,0.053145588443957545,-0.016088054973117185,2,Smeargle
608,0.05348499389233414,0.16970603729848285,0.11123147796390251,0.014345828920965168,14,Smoochum
609,0.044875401047467074,-0.0603705153510483,0.10083468060510918,0.08992022296283074,4,Sneasel
610,-0.0016375355839411759,0.15738766802747692,-0.10783263309522106,0.1728361684544667,8,Snivy
611,0.05364817844222651,-0.09030110261312739,0.1544459941762002,0.07142877537875136,4,Snorlax
612,0.0562044850752555,-0.0035881504619668055,-0.07671135401040981,-0.030506145441981943,1,Snorunt
613,0.04042651172022828,0.06719449428673199,-0.1316185788365434,0.0800568143114332,15,Snover
614,0.041221627216046275,-0.1127492847184869,0.16140067822321863,0.10061899100641424,11,Snubbull
615,0.05918631813571615,0.2436048904412058,0.092066324231628,-0.08687045552377357,14,Solosis
616,0.05044172736359924,0.1492100030378312,0.10580329585325261,-0.09037898661628656,6,Solrock
617,0.01901931137559041,-0.008724919995752688,-0.18265392998462404,-0.1650365701926751,10,Spearow
618,-0.7693504528051736,0.050301265950840196,0.018989888757550373,0.06426137745278854,2,Spewpa
619,0.03876900874649152,-0.08659796276227909,-0.05349584679046636,0.0012699576974911431,16,Spheal
620,-0.09944027368850908,-0.011101486103896472,-0.09215466142267788,0.0305166644575924,15,Spinarak
621,0.05775744896145729,0.09297871734058726,0.13802594362771212,0.08882883284062233,9,Spinda
622,0.04613697678474346,0.15513020759943874,0.04409313583756488,-0.05579862110944409,6,Spiritomb
623,0.06276968161247048,0.20102892723232024,0.08493225274722044,-0.05801345713761452,14,Spoink
624,0.022426109942899845,0.23433116911214932,-0.040256571299051476,-0.007340379256326834,6,Spritzee
625,0.02253814690982844,-0.12310879609897614,0.04239881407242542,0.05433985692635416,4,Squirtle
626,0.058465976936648276,0.09102520660486545,0.09197423825076508,-0.053863945653503095,6,Stantler
627,0.026690151187438088,-0.008260414575423381,-0.1900992280476046,-0.15233103743145968,10,Staraptor
628,0.02929273783347994,-0.003850150343179464,-0.1990436562435149,-0.14309659286959045,10,Staravia
629,0.028044438242853763,-0.00012303776233235612,-0.2033678386877061,-0.14736187294742262,10,Starly
630,0.04960204641123512,0.13084113033123257,0.06855492717127558,-0.1029827634415462,6,Starmie
631,0.04338053563448272,0.0542696528359429,-0.020513720337736043,-0.09870750203140612,5,Staryu
632,0.030361734647702678,-0.15769128178521244,0.05569698848928099,-0.029212264044714602,0,Steelix
633,0.030361734647702678,-0.15769128178521244,0.05569698848928099,-0.029212264044714602,0,Steelix-Mega
634,0.04828149523659228,-0.0994783944190291,0.011963290962393175,-0.014581757326712285,7,Stoutland
635,0.01236588424555125,-0.07613012826411374,-0.018553972488507566,-0.030602332117399513,7,Stunfisk
636,0.01500083729403793,-0.07857201578564514,0.011047677627106785,0.018090898883837653,7,Stunky
637,0.07172236324595693,-0.02637008159019526,0.05423280585196177,0.12132091503475323,4,Sudowoodo
638,0.04243474267130138,-0.11910664637768034,0.009334472535293353,-0.1331288394168408,0,Suicune
639,0.006210897878429029,0.17865562753745803,-0.19606558523753992,0.1922366806960212,8,Sunflora
640,0.0218066587096457,0.18515017909275586,-0.20722054398506254,0.18932433682295416,8,Sunkern
641,-0.03971286601126929,0.030671964072077926,-0.1135345777109664,-0.046939814406050724,15,Surskit
642,0.022304011588811512,0.06059270845580421,-0.11885202082096122,-0.15299383606000355,5,Swablu
643,-0.0353517411931421,0.12998776673342602,-0.1650116755749207,0.010051202822079046,15,Swadloon
644,0.011005643166386091,0.02816876834109859,0.011246921923281533,0.10373898160394138,13,Swalot
645,0.03999247142637762,-0.198524182522245,0.09444179915875667,0.05807025373713235,11,Swampert
646,0.011722092707470617,-0.017890216178730732,-0.2306508795212504,-0.20941082129666355,10,Swanna
647,0.029828187504056795,0.008140037090804037,-0.1912673177574263,-0.15861660033744543,10,Swellow
648,0.050261507312294625,-0.08926144415469627,-0.05155690930034607,-0.03683137586794453,7,Swinub
649,0.01154620428644034,0.1867600095703366,-0.08106476070412932,0.011938266671513232,15,Swirlix
650,0.035943772777877525,0.1919811951268629,0.037893673123598426,-0.1272968933875139,6,Swoobat
651,0.039071892615051354,0.15810193165708344,-0.007926151064015093,0.021925751588690687,3,Sylveon
652,0.028755719513612648,6.757403888597006e-05,-0.19929870858445312,-0.15661610870805376,10,Taillow
653,0.029929430335083426,0.004188285148964388,-0.18978320250303796,-0.10014054708331858,10,Talonflame
654,-0.003434551723503273,0.15373286816118192,-0.1365645090232396,0.20176101978497157,8,Tangela
655,0.0016149755661394457,0.10061544353813687,-0.06670362675476121,0.21120762211623753,13,Tangrowth
656,0.06567168860529733,-0.12954681432971177,-0.0007831380929389424,-0.029260255468528628,7,Tauros
657,0.050604877249281324,-0.09983135323948038,0.08345096993284941,0.1502721587932469,4,Teddiursa
658,-0.020560793976996703,-0.031180913049534367,-0.049170902620673744,0.011383679761065177,16,Tentacool
659,-0.020991653572269616,-0.02961163675318932,-0.041142394443786756,0.007512614353521223,7,Tentacruel
660,0.012520034814903323,-0.08212825009191756,-0.06038984329738111,0.0317977775586453,16,Tepig
661,0.05485457681877288,-0.057186511372018134,-0.05736279351041662,-0.022386516754181175,7,Terrakion
662,0.05782159890776715,-0.08958289944355843,0.01959271651701938,0.11229529127651636,4,Throh
663,0.025732178806986077,-0.06195066719072902,0.04367297297828054,-0.037508629982925465,7,Thundurus
664,0.025732178806986077,-0.06195066719072902,0.04367297297828054,-0.037508629982925465,7,Thundurus-Therian
665,0.039528042904723545,-0.10573319484954288,0.030591352172272084,0.15824622636026694,4,Timburr
666,0.03885928305327443,-0.16421981645562558,-0.027652997603436525,-0.04850823418708514,0,Tirtouga
667,0.03177389652425892,0.1503588001404589,0.10248952910295901,-0.060495679214494724,6,Togekiss
668,0.04706811442227249,0.17977529816361634,0.09614986291665797,0.015010252082301735,14,Togepi
669,0.03726748155649411,0.15586264748165699,0.10192740014141638,-0.04813581300915723,14,Togetic
670,0.03233180275027313,-0.09959320089429066,-0.02596570848548448,0.07528017633291825,16,Torchic
671,0.014377630339224904,-0.08308549523766275,-0.02506220986762013,0.01846848283310911,16,Torkoal
672,0.026496002534650988,-0.09323138884034989,-0.0312622852726493,-0.06244208665477719,7,Tornadus
673,0.026496002534650988,-0.09323138884034989,-0.0312622852726493,-0.06244208665477719,7,Tornadus-Therian
674,0.02969458219126467,0.025911117339387738,-0.06085799310908365,0.13107810283336793,13,Torterra
675,0.051936612594760935,-0.19194268791859492,0.05795842584131931,0.06678005756181207,11,Totodile
676,0.01450457108809155,-0.0920411407964235,0.12161363537733022,0.14983561836113746,4,Toxicroak
677,0.016098337699772303,0.05846063803751609,-0.24808499254665722,-0.15345648641655918,10,Tranquill
678,0.02478756507522587,-0.10779635991239371,-0.10591465924580644,-0.0034245049882818015,1,Trapinch
679,0.03324845276777142,-0.0035641158269800015,-0.04918790865877184,0.23132563875380413,13,Treecko
680,0.011860965673992143,0.1362556492377507,0.015984031820372828,0.06846780028757052,3,Trevenant
681,0.019105701895287604,0.017492930489646293,-0.12810021214422962,0.00481709856630237,15,Tropius
682,-0.01685582963390086,0.029468790152371117,-0.1369421222874664,0.029796032237627394,15,Trubbish
683,0.030422042808698296,0.07406074673289766,-0.11391670028846117,0.15104287578850747,13,Turtwig
684,0.025392238993022797,-0.06604940334657451,-0.16489462340145863,-0.06384667161767321,1,Tympole
685,-0.5938999014755801,0.06182242325402005,0.16578978613338705,-0.0828807925336332,2,Tynamo
686,0.029204868502908144,-0.16038553673939987,0.0643305476479558,0.10374967953611715,11,Typhlosion
687,0.04374367803337557,-0.24201514020611106,0.22314860712178405,0.03531016667090387,11,Tyranitar
688,0.01386953818334397,-0.21030794590446233,0.02429125643323224,-0.07180293656729267,0,Tyrantrum
689,0.037718391684590194,-0.03986838784855418,-0.07036982854594685,0.09381832713661446,13,Tyrogue
690,0.016596883368612092,-0.20689055631232003,0.01926762813306484,-0.0694741689387072,0,Tyrunt
691,0.047246281139191146,0.11899587279433832,0.03751726135265034,0.03229926721167895,3,Umbreon
692,0.01956309952996232,0.06664423093770735,-0.23344919475696307,-0.15781236592525297,10,Unfezant
693,-0.05599425813909664,-0.04234821906160953,-0.42776708582203726,-0.10869382599326648,10,Unown
694,0.048012762270141625,-0.1290302472783635,0.11804569803802878,0.15037584981835747,4,Ursaring
695,0.07412006759818794,0.21817308757533424,0.13916452836623922,-0.05550687683831975,14,Uxie
696,0.017042842551476037,0.03667977341932385,-0.13275752194876675,-0.10832194906964475,5,Vanillish
697,0.017042842551476037,0.03667977341932385,-0.13275752194876675,-0.10832194906964475,5,Vanillite
698,0.005461059810419842,0.02662653664478122,-0.1213325491984583,-0.10893086065900458,5,Vanilluxe
699,0.055836789182500464,-0.020747742295925502,-0.007385724873513045,-0.0033980888679810252,7,Vaporeon
700,-0.0588924123440649,-0.06076542608048972,-0.17817237529625243,0.005397245889533443,1,Venipede
701,-0.06540535033308281,0.08799321243970243,-0.1230989921185665,-0.07613444378613614,5,Venomoth
702,-0.06690903230809112,0.0874721085843193,-0.16050507872734193,0.02485035609544101,15,Venonat
703,-0.03643676763028206,0.08044520109298738,-0.12252272889002229,0.21533172850766022,8,Venusaur
704,-0.08373409613191303,0.010194849284391173,-0.12003133819293856,-0.07145402955161251,5,Vespiquen
705,-0.00046340195722481027,-0.11850599675262757,-0.07875386749936725,-0.1308074302907116,0,Vibrava
706,-0.01851324674998987,0.055973955598746655,0.12931805793879064,-0.03950616719775164,3,Victini
707,-0.057514184453054944,0.1354914704608594,-0.14322386077786392,0.22125619567899937,8,Victreebel
708,0.060509121592520546,-0.13109037017111244,0.12626580325754366,0.12142400910837768,11,Vigoroth
709,-0.014491249893557564,0.18346923071959864,-0.18762305351642744,0.23719139799657332,8,Vileplume
710,0.05287872817458149,0.061676103595920885,-0.10437432456070737,0.060877846987808744,15,Virizion
711,-0.08377907004913172,0.13304829190047143,-0.12915571214246543,-0.06315289174005119,15,Vivillon
712,0.0045823513621938506,0.06498975953002882,0.015960586260562133,-0.011068608240171182,3,Volbeat
713,0.015409070461210013,-0.15400392708210955,-0.04443771127103573,-0.04147879412806032,0,Volcanion
714,-0.058651904009273635,0.026504373530707344,-0.09500005075822719,-0.13146735002859047,5,Volcarona
715,0.03400140480047875,0.08105733206406598,-0.07730648952216276,-0.06131502404882087,5,Voltorb
716,0.031586696336436945,0.03145434956383595,-0.0824093425989081,-0.12446806144251281,5,Vullaby
717,0.03387890885167746,0.03301275949042584,0.0054352521605388416,-0.025373933650825603,3,Vulpix
718,0.05400485304451839,-0.1175186091171888,-0.06328941925903654,-0.03133899912242233,16,Wailmer
719,0.05190524711709287,-0.12323542884287038,-0.04516381166100806,-0.03620397391033605,7,Wailord
720,0.03993384358763264,-0.12237201162424277,-0.005521231125961892,-0.007824725969800493,7,Walrein
721,0.02253814690982844,-0.12310879609897614,0.04239881407242542,0.05433985692635416,4,Wartortle
722,0.05439549990205621,-0.008742749791893626,0.07547757434075893,0.06875339457015306,4,Watchog
723,0.04574156301275901,-0.0681551297648217,0.11412177481503079,0.08741218048686981,4,Weavile
724,-1.025525448266919,-0.07063332812708857,0.058178348655750806,-0.010537604667628474,2,Weedle
725,-0.051244951017923604,0.14294992400672404,-0.17459244671822574,0.22238484315502163,8,Weepinbell
726,-0.0024889434009016326,0.039904013433300314,-0.015046875930762564,0.01746353149918153,3,Weezing
727,-0.005059929311113999,0.17109397441198157,-0.09427966500691037,0.14083194072518104,8,Whimsicott
728,-0.06125676049233611,-0.05809285434989924,-0.1697870057094307,0.011726436549087501,1,Whirlipede
729,0.058157815723880624,-0.15615477262512184,-0.047848713616400154,-0.057698759373870964,0,Whiscash
730,0.052510673057551305,-0.06637785708672521,0.04250534780611421,0.04166158436080407,4,Whismur
731,0.05500818877447752,0.13751504499661335,0.18896148165452067,0.08211291914601705,9,Wigglytuff
732,0.027295458606508886,-0.03342521051934576,-0.17980010879928046,-0.1901773071409479,10,Wingull
733,-0.5089160732428106,0.1679798081167554,0.15005377600601777,0.13620414393078092,17,Wobbuffet
734,0.03612239783498992,0.1955420277827926,0.03924887251577243,-0.1172281626717751,6,Woobat
735,0.03709001835587724,-0.04966276271661048,0.009582606018400218,0.006535726398044853,7,Wooper
736,-0.006344609962427201,0.11870015425089309,-0.1436841493723003,0.051353636335950706,15,Wormadam
737,-0.0018146781615166294,0.0269673015814568,-0.08691627571556963,-0.05203329158308636,5,Wormadam-Sandy
738,-0.0121292576649344,0.0564045341529277,-0.0797413155676665,-0.060732717766346214,5,Wormadam-Trash
739,-1.0164931175405876,-0.10896048793624417,0.07296590231517847,-0.01780454994568755,2,Wurmple
740,-0.5089160732428106,0.1679798081167554,0.15005377600601777,0.13620414393078092,17,Wynaut
741,0.026702667630668378,0.25004300484594644,0.04079901018385398,-0.14891581318086924,6,Xatu
742,0.023953365201077118,0.24543576166102396,0.0879928587414625,-0.05512639559496405,14,Yamask
743,-0.03675768532370231,0.011609686464029852,-0.1459581429348868,-0.13286465917037762,10,Yanma
744,-0.034859085659942654,0.006437977902174213,-0.12542991301119666,-0.13066417976845102,5,Yanmega
745,0.0038827350543454812,-0.023570449424447755,-0.07394061640771386,-0.1605439649654112,5,Yveltal
746,0.051144580725168975,-0.144547385296754,0.11609882232878575,0.1315524183886742,11,Zangoose
747,0.029329382554929364,0.010946458302952804,-0.11113852441126419,-0.22191244838577415,10,Zapdos
748,0.027772679870983877,0.012122606653971389,-0.09816317489337183,-0.07057644700752949,5,Zebstrika
749,0.015520058434938921,-0.07417506601824903,0.04451640754763064,-0.17157188510529095,0,Zekrom
750,0.05319676198494691,-0.02410544534273132,0.01706590771802658,0.05536333448140068,4,Zigzagoon
751,0.0486222934660617,0.014964335833920723,0.04889695551710858,0.0533046546785559,3,Zoroark
752,0.04881586495718317,0.05634581092011806,0.0008759052227200878,0.035559448980479795,3,Zorua
753,0.026201126476060935,0.01960796838528272,-0.11415271688125626,-0.13184035422866194,5,Zubat
754,0.011380926953461575,-0.16831291116004432,0.01744024808376325,-0.08120327511103383,0,Zweilous
755,0.030738920530779774,-0.08964104413710305,-0.03308062341763314,-0.060785539154544224,7,Zygarde
