,PCA1,PCA2,PCA3,PCA4,Cluster
0,0.0488588235025267,-0.0048000902340844444,-0.03647550644626966,0.1016595572621285,1
1,0.05811507272741104,0.246560341189897,0.19517423796918246,0.014175005840747252,4
2,0.05002443226210409,-0.023055436752464742,0.13739306050794187,-0.0013616443311887853,13
3,-0.02039161776156509,0.06102745759286448,-0.07967930437772754,0.01663844820865474,0
4,-0.003595317281208698,-0.0013144651422285836,-0.09032496493413147,-0.029348838665161817,0
5,0.029660473070369783,-0.175364645458622,0.010092320531782316,-0.15831469331651654,8
6,0.04338990939783303,-0.1963046437247013,0.17166589507186877,0.04149162844464609,3
7,0.05760097305611547,-0.02798976498814326,0.11094255308907416,0.14191969620569675,13
8,0.047373676842532284,0.24584140418707356,0.22320305851041472,0.0003319615083530216,4
9,0.04864644059105947,0.06002816396568999,-0.07398778875410522,-0.05136402656950475,16
10,0.028670151290202017,0.01226412282026189,-0.030975091684312565,-0.1558182272589203,16
11,0.043960274560048265,-0.0237979071504549,0.03327457241191244,-0.11830002444325645,9
12,0.05891683174870853,-0.029980996785647994,0.11380715526668259,0.13912403821767177,13
13,-0.0046142555736823875,0.13498939773742052,-0.19194330362320222,0.15176590638556733,11
14,-0.0026854091283674553,0.02697968190539876,0.07517166991934418,0.03397900618437662,13
15,-0.020957566503149304,-0.12319678747560084,-0.0856999697885082,0.007823753436601003,5
16,-0.039961123955937795,-0.10925114766311239,0.0525662976946007,0.05631349625962996,17
17,0.029261042239789304,-0.1319151531718861,0.004828935722134336,-0.02105596628501546,9
18,0.04202019640403057,-0.011970799798887412,0.26804147016163793,-0.1615539071620399,7
19,0.04202019640403057,-0.011970799798887412,0.26804147016163793,-0.1615539071620399,7
20,0.04202019640403057,-0.011970799798887412,0.26804147016163793,-0.1615539071620399,7
21,0.04202019640403057,-0.011970799798887412,0.26804147016163793,-0.1615539071620399,7
22,0.04202019640403057,-0.011970799798887412,0.26804147016163793,-0.1615539071620399,7
23,0.04202019640403057,-0.011970799798887412,0.26804147016163793,-0.1615539071620399,7
24,0.04202019640403057,-0.011970799798887412,0.26804147016163793,-0.1615539071620399,7
25,0.04202019640403057,-0.011970799798887412,0.26804147016163793,-0.1615539071620399,7
26,0.04202019640403057,-0.011970799798887412,0.26804147016163793,-0.1615539071620399,7
27,0.04202019640403057,-0.011970799798887412,0.26804147016163793,-0.1615539071620399,7
28,0.04202019640403057,-0.011970799798887412,0.26804147016163793,-0.1615539071620399,7
29,0.04202019640403057,-0.011970799798887412,0.26804147016163793,-0.1615539071620399,7
30,0.04202019640403057,-0.011970799798887412,0.26804147016163793,-0.1615539071620399,7
31,0.04202019640403057,-0.011970799798887412,0.26804147016163793,-0.1615539071620399,7
32,0.04202019640403057,-0.011970799798887412,0.26804147016163793,-0.1615539071620399,7
33,0.04202019640403057,-0.011970799798887412,0.26804147016163793,-0.1615539071620399,7
34,0.04202019640403057,-0.011970799798887412,0.26804147016163793,-0.1615539071620399,7
35,0.04202019640403057,-0.011970799798887412,0.26804147016163793,-0.1615539071620399,7
36,0.026735662316580113,-0.13203282596840654,-0.06582330162382044,-0.12833911544366533,8
37,0.020301121766074952,-0.15037702857653565,-0.04381051714739363,-0.14907157494139775,8
38,-0.10646928249151595,-0.012746083762898121,-0.08062004345219344,0.03435896123704867,0
39,-0.010725654079097296,-0.1554812378735549,-0.021801928232365396,0.026998164033033335,17
40,0.015529238482628771,0.2349622040673417,-0.009077221355256996,-0.0052946270843521005,15
41,0.040098712859489516,-0.10402498905605592,-0.02528224448417013,-0.012914797456266381,9
42,0.015401902279197357,-0.019946256973579966,-0.13988757069324806,-0.23372333704773246,14
43,0.03428708991092395,0.2025958728026112,0.15268468498262594,0.021248851249769628,4
44,0.03749480144957321,-0.039924970420897106,0.06034554721347947,-0.12373574402452363,9
45,0.029131437558576112,-0.09534426939748285,-0.05569585676297425,-0.0507256785130776,5
46,0.03636671506666487,-0.12616046639631026,-0.09198225927238973,0.028841637408568488,5
47,0.07914246582576527,0.17687543377383336,0.16530776897138316,-0.07208148812883707,15
48,0.04424202828162995,-0.07069338142564781,0.06812642003270548,0.07823504568323617,13
49,0.06150604280228387,-0.03146869835759666,-0.05965600920025985,0.008662390853827247,0
50,0.046327363384628395,-0.17128812169148228,-0.009146489475155804,-0.0589719574058461,8
51,0.03361477382624529,0.18521970898125723,0.10188028239658654,-0.10695462404977264,15
52,0.04389381458681634,0.1827006385139182,0.1265909011195825,-0.026687771618234542,15
53,0.025762004846377383,-0.12226024794150299,0.026139030804903034,0.061899550263014996,17
54,0.05792508401428962,-0.12389933924809597,-0.0969968764895097,-0.062449938634858704,5
55,0.016777219104814226,-0.14725434247953822,-0.11574851634456272,-0.046377214604706486,5
56,0.053509692203105585,-0.1098790695725811,0.041839752370197124,-0.03412343305900442,9
57,0.013468569688309225,0.15180890490632543,-0.1513595165882682,0.18322625786986976,6
58,0.048379193561831596,-0.12431959066729731,-0.011128490764551047,0.057608985106781314,17
59,-0.0591750674002779,0.054471954501027355,-0.1499261073137703,-0.09879898523528317,16
60,-0.07846757779770894,-0.030962640749977757,-0.1433080331970067,-0.040286549681818766,0
61,0.02542270860969141,0.26838732963420625,0.14756405873417283,-0.1243718763688703,15
62,-0.6229267429075344,-0.07733441862163987,0.1573232177887732,-0.06102689055568444,10
63,-0.019953377214872014,0.1773986870912398,-0.1857241793132214,0.2396344280084661,6
64,-0.027155723504657853,0.13795479634989893,-0.17112288997527217,0.22178024100913563,6
65,0.028310506940425383,-0.059531398580499946,-0.10508123057472096,-0.05457212688241086,5
66,0.06627646914016637,-0.10069335983139288,0.012831987688084854,0.007418215407974064,9
67,0.0696060322900828,-0.051317079602008965,-0.038560344389642766,-0.009812179621432689,9
68,0.026200258750125514,-0.1057624261846486,-0.013571578994133658,0.05066289475790376,17
69,0.028600506559456326,-0.06225337141959459,0.03448753397950426,0.061043688207958274,17
70,0.02258619085965612,-0.16948732590981852,0.10071721099022145,0.0374280850664623,3
71,0.011854356582385603,-0.15126853442950672,0.09290872465205381,0.13314942006972622,3
72,0.052811773410838585,0.07671919330000943,0.18079126168601348,0.06174612099458782,4
73,0.03617008514035113,0.01838869209904596,-0.12137405544000424,-0.06851339295471778,16
74,0.027262841273133255,-0.055044457187521156,-0.12099392784470996,-0.03593059279338836,5
75,0.0649250474498858,0.04483617334571658,-0.07422526409991075,0.048534869079096675,1
76,0.021620756946198746,-0.14686800485422138,-0.07861003502166991,-0.0018520102360106772,5
77,0.04849380213567358,0.14553120898826125,0.03151819965653702,-0.03971533383456642,12
78,0.024842898577457674,-0.08528976622806143,-0.1793685080355739,-0.1655588740649671,14
79,0.01736120156141221,0.010227019241295628,0.00855400809207844,0.25042507111779044,6
80,0.059160648342669,0.15467309900460469,0.09278331537893474,-0.10615197140209597,15
81,0.058338122018414575,0.18309142268545267,0.06151121932672904,-0.10361529538802462,15
82,0.013692888385665007,0.13131222479892674,-0.20576488010370644,0.13507723161791774,11
83,0.0292967792992538,-0.11730073016100226,-0.08186574851596763,-0.005716157255032592,5
84,-0.037315747380820254,0.1087304279047196,-0.149408423513259,0.2262428257692172,6
85,0.042035245158212366,0.05409260857965137,0.040861085532230404,0.088329972637446,1
86,0.043804713629213024,-0.10130369119977677,-0.07842775763885804,0.0516700035749001,5
87,-0.17357644342584314,-0.07193466107579562,-0.3793349674956505,-0.10410120453306984,14
88,-0.04877668720084552,0.11291767537168163,-0.10738411389214425,-0.0953236068476933,16
89,-0.0016481606014678084,0.08059994861229147,-0.013935276415821844,0.23802222420260052,6
90,0.0015498027254019343,0.061089325627919765,0.019118257803038927,0.2398108407356163,6
91,0.03294653810503019,-0.07583884763056675,-0.008026202498202913,0.01903466013909032,9
92,0.031233032312244995,0.15140051889295358,-0.03963877195746892,-0.08398061400324555,12
93,-0.03798693455926941,0.10499782227532924,-0.1584561182959911,0.2060279929278641,6
94,0.03963168780042221,-0.1782787547099597,0.006275187129580215,-0.038148129621015554,8
95,0.03902944327473829,-0.12258296411355063,-0.032412864636579726,-0.053488485641116836,9
96,-0.9385418764043668,-0.08043706907772144,0.0872732993579006,-0.028401827007748088,2
97,0.0528608088855718,0.015557846796138291,-0.0006136111445009573,-0.08450680222328691,12
98,-0.9964194002924517,-0.08892607357350701,0.061237119023873854,-0.04241922161300582,2
99,0.04544015675912226,0.26289361420068835,0.048337551986966695,-0.028194356916101136,15
100,0.04358650257975628,0.11597403891788723,0.04264695918663949,-0.05092230019275662,12
101,0.05222323350126726,0.08474449292147135,0.16910697687420978,0.06239596183629862,4
102,0.016676306212794624,-0.18143517552073873,0.0868670631899245,0.06424686482939658,3
103,0.016676306212794624,-0.18143517552073873,0.0868670631899245,0.06424686482939658,3
104,0.025604901847534,0.056079202086980806,-0.16764414853374998,-0.1484208335833474,14
105,0.0042935637348551214,0.18427003706773176,-0.21239722499707478,0.14870650312983383,11
106,0.005403909695309904,0.18927359743665292,-0.217195592119626,0.15224157467260394,11
107,0.021007320990290457,-0.07705732271274067,0.02534992095673539,0.1742664431702077,17
108,0.034465776255359265,-0.05209396735002714,-0.010136999396647441,0.18117215705412143,17
109,0.011089189681783955,0.16724836315500188,-0.16318610102631406,0.18013859700437182,6
110,0.04436023191470682,-0.07291270074392957,0.03499991648548143,0.1084608116697516,17
111,0.05478326588966747,0.2540853085334609,0.10909655235168102,-0.046227666733430255,15
112,0.03208265675130373,-0.01771949778184544,-0.06244212689043536,-0.07788319444761051,16
113,0.0630996398436914,0.24984661513794573,0.08490572618447052,-0.05790888720505297,15
114,0.04098231754897187,0.05309489133716253,-0.034640356313873695,0.08730892726350728,1
115,0.06263252534751493,-0.03535260635493892,-0.15900689235861665,-0.06836828624429701,5
116,0.018380607654390924,-0.13103423285133106,-0.13774786920510806,-0.04547885378946185,5
117,0.015514341538034358,-0.12743889139228853,-0.07838774595511841,-0.056925175815562584,5
118,0.03586704007415262,0.16750652785720943,0.11806336967863623,-0.10387216595932199,15
119,0.039335431221402484,0.18899505212165849,0.20880216293356052,0.07688790105455535,4
120,0.052438490669451214,0.21138280051970415,0.11935762894150724,0.04061533557603192,15
121,-0.01765977013612196,-0.06917881642064594,-0.09462955085146352,-0.040435309312866076,5
122,0.04298329694186709,-0.013678263419248205,-0.05254115442024078,-0.030812268795341876,0
123,0.02662810854663387,0.239130433959245,0.09597462970395884,-0.045849995734540634,15
124,-0.7079962689562959,-0.009983601286834802,0.05925202516486751,-0.09963773432909957,10
125,0.022750395228358665,-0.1346842403707354,0.05994260246663225,0.13021921281270077,3
126,0.040724639354816926,-0.11506288387367136,0.04093773017204576,0.15460672013453136,17
127,0.03462327967593973,-0.14520034615767657,-0.008331930873798554,0.030524635608864037,17
128,0.03237153145365175,0.023593878138225836,-0.008157277354680081,-0.02678503057637154,1
129,-0.01090129316032868,0.17141981262898953,-0.16305613759546517,0.16918386899055257,6
130,0.004785941334152215,0.04009655707674593,-0.04365499463440069,0.0996424852943031,1
131,0.06150093830783646,-0.19351226570123567,0.06376625428228197,0.00244700218646356,8
132,0.031721984894488436,-0.15646461735272923,0.018014905835981886,0.02742537223581659,17
133,0.05904561706891418,0.21458495842045439,0.040713755701475285,-0.08999103866779817,15
134,0.01165080747004477,-0.08531376810662046,0.11699484578859103,0.1489860575381625,3
135,0.01723790900036265,-0.0027038275434816414,-0.09463737885773635,-0.1384458946081156,16
136,0.051863273129324566,-0.20864239438961135,0.07184336836316427,0.07151488920418445,3
137,0.0012643851970295555,-0.08193382214715111,-0.10402062505833572,0.03153509692737357,5
138,0.005198934487528169,0.014553487377591573,-0.13378460019522437,-0.08204063837069472,16
139,0.04836962901839322,-0.0863014525126151,-0.07590776895940486,0.04952641986014749,5
140,0.040331493568244635,-0.15548623130525285,0.09073863117732128,0.09352567449929769,3
141,0.015252377946462893,-0.08744163869896258,-0.09358233726173801,0.0032784581987399517,5
142,0.04589809619604577,0.019278368813577397,0.14286227966167087,-0.0064760067786702145,13
143,0.05220661423958803,-0.13661767305932193,0.03585255442183626,0.03789984282790432,17
144,0.047930116421127926,-0.11549646867280397,-0.019275320345671677,0.03507984686940998,17
145,0.02360635933130293,0.031229576471286713,-0.05509107150367179,-0.009405488611038465,0
146,0.03089122044182261,0.13691932408347354,-0.16616221473362514,0.07613908281455417,11
147,0.011381255766913713,-0.16832483937849374,0.017453648944035904,-0.08126974868170855,8
148,0.05781922774317745,0.08416193804965492,0.05885341307377767,0.019677872048711343,1
149,-0.002196542179036386,-0.04265521049533031,-0.03361641223921874,0.011053846730210096,9
150,0.04685754196014345,0.16744472520041181,0.09684777089642173,-0.052005417452028406,15
151,0.05381159768866512,0.11719245837361181,0.25359547992066583,0.018373296296496578,4
152,0.05381159768866512,0.11719245837361181,0.25359547992066583,0.018373296296496578,4
153,0.05381159768866512,0.11719245837361181,0.25359547992066583,0.018373296296496578,4
154,0.05381159768866512,0.11719245837361181,0.25359547992066583,0.018373296296496578,4
155,0.018697396507311746,-0.03377208182518213,-0.06610375302622207,0.0019927293473715646,0
156,0.029955864430581756,-0.10928992574487305,-0.10220757105765649,0.011638044088457257,5
157,0.04527708778741639,-0.10503446055104752,0.08250968125775776,-0.11407372143557351,8
158,0.02774687710788858,0.1486868414997257,-0.02972948580346207,-0.07181103129936343,12
159,0.03966969277353041,-0.09969395391925584,0.023182955917181572,0.10336874545122889,17
160,0.047317850337717245,-0.08209900415806735,-0.07285881358828282,0.007101018085272235,5
161,-0.6834259831514381,0.0628081936448245,0.05763503254744109,-0.026955901933145947,10
162,0.02318972080709557,0.01014577412194884,-0.17188809521747161,-0.09490038310546331,14
163,0.018462644583293244,-0.0015320873267010472,-0.20289638755457504,-0.10124785631333102,14
164,0.021688590201916977,-0.1448235389091943,0.001554024678496493,0.04342649272734832,17
165,0.007444755203992532,0.0002265781708924215,-0.12388561998829367,-0.03126870140803047,0
166,-0.006740885411645044,-0.13887797557700965,-0.05296117633641129,-0.07080630102899524,5
167,0.04725323684262761,-0.08627236478396265,-0.020591538394715208,-0.10328936215483536,9
168,0.0368545781635695,-0.15770206035791304,0.10580530247647169,-0.12020586408327999,8
169,-0.062172417012794835,-0.18524270937829504,0.057769846240463864,0.03714317295368313,3
170,0.04725323684262761,-0.08627236478396265,-0.020591538394715208,-0.10328936215483536,9
171,0.0221622432909416,0.14703862037104717,0.03982714075960271,-0.0765398676387479,12
172,0.022896694486404974,0.15217496122598137,0.034851347743332976,-0.06653825065986221,12
173,0.0018503913670494183,-0.13826226234504568,-0.11313228224191345,0.00870368992717316,5
174,0.06294576721246112,0.20796877435563374,0.16764510555003656,0.05651045202438652,4
175,0.0046909323803749495,-0.23061244424349467,0.11856572021972862,-0.021486251682988566,8
176,0.013378707584258962,-0.01530555793949758,-0.23248985621580456,-0.19621917311870346,14
177,0.025901645785430354,-0.1002372305675775,-0.0374093793889814,0.012502714911503747,9
178,0.054049202741252925,-0.030619176978490224,0.06214770385017409,-0.028984824539378725,13
179,0.05918638223228695,0.2436023800481537,0.09206828501984567,-0.08687923657097002,15
180,0.006761961106606289,-0.12009777066925241,-0.06800145423100833,-0.0357090198341949,5
181,0.05947715381912554,0.11565490584148569,0.19907862598510598,0.02212313520501921,4
182,0.05961463952135392,0.11080140404647773,0.2076194328040342,0.02240726780547395,4
183,0.05467392677827049,0.18887637090337775,0.10139123045567751,-0.04372829812521823,15
184,-0.05862421591019264,0.041857556123863396,-0.12897511439083031,-0.11616862907849708,16
185,0.0006534379590642678,-0.07972663031083897,-0.10823026827077778,0.03465502653267952,5
186,0.023415794604334513,-0.01278615347585664,-0.08319200308069169,-0.05168146157913556,0
187,0.010952760369486765,-0.10369214584476438,0.054735271724483094,-0.002129939827694073,9
188,0.05772067825232586,0.06291519643312651,-0.08549580322302816,0.03133336877005086,1
189,-0.034313298804330705,-0.06415649892495293,-0.0020312443488628394,0.07879840775133808,17
190,0.03452180769072405,-0.06922789991033651,0.10025521458044916,0.087357089216923,13
191,0.019010125334319453,-0.07528210064990858,0.13252714150901695,0.08289984980137478,3
192,0.03760302790728358,-0.05601718391439205,0.009162147719622517,-0.054752731276148936,9
193,0.024316393279640584,0.08524813990386658,-0.06461992367672038,-0.06365170984295347,16
194,0.03899838732391625,-0.04594893858528495,0.057362362899523595,0.08218163256178335,13
195,0.0233286067138749,0.2705757218542952,0.14487002514514014,-0.12181447212751365,15
196,0.0060142295129592795,-0.1484827350081027,0.06958046640996225,0.08408706126412861,3
197,0.014632047980028385,0.05139780651589523,-0.07399871708508497,-0.06355914174898401,16
198,0.02441774843843895,-0.12768091357760414,-0.015675641573481326,-0.03202938810071493,9
199,0.030705125416916446,-0.1255177465376412,0.030385879599126534,-0.06696698624082399,8
200,-0.029903452017241896,-0.09594576088995517,-0.11313536214165235,0.025324894996763166,5
201,0.05555862114397335,0.19459306596809295,0.06788856997779674,0.0018932798305474968,15
202,0.06316483231222064,0.22928944095784962,0.06696924212322701,-0.08910515760684865,15
203,-0.005254187855474811,-0.13716471026560648,-0.07164944211668119,0.0002439824471352179,5
204,0.002736025579173323,0.2318508360972974,-0.08941279382475277,0.10351935432789687,11
205,0.001380139903533029,0.21109337595324137,-0.04909462970266517,0.0987094818630027,11
206,0.03252052603275853,-0.17679230985306887,0.17239047172009317,0.04603873410691861,3
207,0.01505523121179996,0.0040854845509296295,-0.1174344891402152,-0.08565496360199033,16
208,0.020879518951990066,-0.01115189051513608,-0.17835977914797777,-0.1673423359732391,14
209,0.06431188043994722,-0.021004478635917725,-0.14698401219729998,-0.06439470915326066,16
210,0.04422649367616594,0.10132841400212819,-0.06027327312064331,-0.04236288356291367,12
211,0.04667323830865764,-0.23804524589238235,0.10717111128325409,0.05398291189583473,3
212,0.013936390783310649,0.04271371712154002,-0.11801517544543387,0.04347919309679387,0
213,0.02173726297670432,0.028502743248579203,-0.07605736174048319,0.05816447973816463,0
214,0.039723809544032755,-0.022011600928503874,-0.12699038776899677,-0.10161126987581716,16
215,0.01374381022723968,0.0440896239879482,0.04219872440954212,0.050246616186709454,1
216,0.001395835479664455,0.22788009828295525,-0.1721595184837157,0.08806736449147338,11
217,0.03989363056331001,-0.028810426584564345,0.015696343673499143,0.026073375101537736,13
218,0.030318111011539348,0.012515277559402451,-0.21760838820412198,-0.10918684709136064,14
219,0.03229411147405175,0.03731635924099601,-0.259447426446671,-0.10369108714102,14
220,0.036682750401913544,-0.13837214020396416,-0.015059883103372076,0.004699079137157714,9
221,0.001395835479664455,0.22788009828295525,-0.1721595184837157,0.08806736449147338,11
222,-0.004486873636813737,0.22495411451569078,-0.169811706145209,0.08714125801439244,11
223,-0.005664347879276478,0.23811852491658358,-0.15272292430120155,0.08141028461197683,11
224,-0.010241018234600162,-0.16837602387265452,0.012726437978951372,-0.12821603191389563,8
225,-0.0060859154843082,0.13770184458551038,-0.19741318932427446,0.15628484607023396,6
226,-0.025926292441276207,0.018553573332947652,-0.05403672984583853,-0.005939361279335579,0
227,0.03261683267477393,-0.136451825550777,-0.07463528770464144,0.037605608645569596,5
228,0.028885426539890433,0.05580495014899184,-0.011692220807245805,-0.08141211881852545,12
229,0.034376554911135455,-0.07024071974577985,-0.08553897992677685,0.0004656533353912623,5
230,0.03087058995053864,-0.0817889531866596,-0.05304354396955827,0.013364482242534378,5
231,0.0494805281697757,0.06712793821151308,0.09989037559752044,-0.0358502656872437,12
232,0.05494681841047331,0.019161523337667456,-0.06420189862180883,-0.0031458393311208045,0
233,0.06982063017337245,-0.05530232837721407,0.07945661081054513,0.0658748986462552,13
234,0.03782840548109196,-0.21414906358628397,-0.02381154385284445,-0.061730074229364405,8
235,0.029583819482346556,0.17312117098891633,0.21783299495260508,0.05941388447184516,4
236,-0.09493533736970755,-0.007479194488557958,-0.07848751947668633,-0.03482239225704861,0
237,-0.0023594547423337105,0.008612457491770531,-0.07597202260427896,0.039722344243236264,0
238,0.03357488397279448,0.2927183961469523,0.1776419655872369,-0.020397221700238097,15
239,0.016944409741055513,0.15693150277248907,0.11060022876998907,-0.01898309153115397,15
240,0.006618127501565351,-0.06658186549613158,-0.005910664334520397,-0.011836029693402812,9
241,-0.07012230516376251,0.004018562220508586,0.03208090322292322,-0.11835983953225701,16
242,0.026113922451623115,0.10223969626400817,0.20384738226205995,0.05737263292417895,4
243,0.058833976357873116,-0.1125571673985745,0.013983431403516345,0.08071440146509155,17
244,0.04212853964083334,-0.21323729530797886,-0.026473846840612793,-0.06634007138412436,8
245,0.02926280643072334,-0.06882673891311847,-0.10300036086470615,-0.0349787225050061,5
246,0.04663754570982845,0.16548545240093468,0.13876709856093394,-0.054916169121298555,15
247,0.02824537352034442,-0.027325831050639734,0.10749930232999924,-0.19499618629102936,7
248,0.02824537352034442,-0.027325831050639734,0.10749930232999924,-0.19499618629102936,7
249,0.05592841696679245,0.0033550234923430114,-0.01075229058134099,0.00945708391124139,1
250,0.033875553837299885,-0.030283116189377273,0.0011132313768947046,-0.026357306886375085,9
251,0.054971654447135386,0.009035796583363814,0.0025537241091562867,0.0259738011681367,1
252,-0.029308212808668924,-0.10466207630975927,-0.01653839371337862,-0.013384990478020775,9
253,-0.03592656375979308,-0.1421639089175805,0.024087472486586478,-0.0304478167015148,8
254,-0.01956311519318026,0.1675347488943091,-0.19898758057080126,0.2459037863449822,6
255,0.031552005985631945,-0.014191693424284767,-0.1552828755992109,0.10535376947541643,0
256,0.02636246209027964,0.016061866923466492,-0.10710792651815403,-0.1331811744734764,16
257,0.020568730945975493,-0.10645496981592006,-0.12801384343466202,-0.03634159947130772,5
258,0.046895154595277336,-0.014903036443114142,0.14602929775543272,0.05371260478277689,13
259,0.05424225853438946,-0.1377149008332021,0.05252035238452565,0.08094236884006259,17
260,0.05721946591626817,-0.0254696542202714,0.08319010736323532,0.038753136111927225,13
261,0.04845682472276513,-0.038373047893483635,0.1256028180081792,0.013627229498465277,13
262,0.02225221968929013,-0.1802092225643067,0.005112946129680271,-0.0029596104603429652,8
263,0.03395343674146248,-0.08087878722112435,-0.1474778278548274,-0.023966505777590043,5
264,0.046448265654242045,-0.0038285165173661197,-0.056386199459020174,-0.07817086493893567,16
265,0.04788485870013554,0.25170531779962874,0.14876765489507238,-0.03953251791564887,15
266,0.049491642653293075,0.2394361550384611,0.16690671120013173,-0.026599543677056074,15
267,0.047753545956512454,0.2557853366878077,0.15061588787216987,-0.04186552402551327,15
268,0.02214586020954117,0.14493032957884683,0.0019293867201848065,0.026499107349722033,1
269,-0.6984080035637672,0.019742768469278683,0.025946038848451168,-0.018280868754963535,10
270,-0.6984080035637672,0.019742768469278683,0.025946038848451168,-0.018280868754963535,10
271,-0.6984080035637672,0.019742768469278683,0.025946038848451168,-0.018280868754963535,10
272,0.03886899062040782,-0.1499699817651579,0.19844755276872125,0.09037836538130813,3
273,0.058833976357873116,-0.1125571673985745,0.013983431403516345,0.08071440146509155,17
274,-0.006786787636677098,-0.06565544840836471,-0.02534278630776973,0.0028425160762525423,9
275,0.0073409542444301465,-0.014993797731036476,0.04272512156528469,0.06528203444187786,13
276,0.03042185392081491,0.07406753114131602,-0.11392265763088451,0.15109328543297004,6
277,0.0243622701725863,-0.015968277195082658,-0.04226335825212475,0.23986115071339706,6
278,0.040096508911130396,-0.09411185696167522,-0.040863517743528574,-0.009751525559649069,9
279,0.06779125771503512,0.14395538954547354,0.1881841914042824,0.02472164817317067,4
280,0.007199872792512952,0.03788752733057204,-0.0033438593298849065,0.10648913962762309,1
281,0.03952798426240282,-0.10573537566892578,0.03059544330958683,0.15822426353257257,17
282,0.02702744916575947,-0.19466368081990637,0.05353254753881398,-0.07031816511283294,8
283,0.07513256846567198,0.12475093004238375,0.008336676694086078,0.01806080642971489,1
284,0.03634449536708124,-0.12460817535631925,0.09508783124686969,0.15554187202644051,3
285,0.014864235070815225,0.1447243547058832,0.12447105049158905,-0.006846894655957585,4
286,0.019485453870313935,-0.04641703465362439,-0.03164212453659971,0.01960687364944001,9
287,0.03680624252681811,-0.1598267072670023,-0.029629688866967995,0.052644412421667834,17
288,-0.0006838183356292115,-0.0373069149994898,0.0026715574439523625,0.08000503122676596,17
289,-0.00940783876339908,-0.016460151078695435,-0.012599539729275336,-0.048312719347873734,9
290,-0.01244154521377079,0.007727087257201836,-0.07294761493937567,-0.06134101978821888,16
291,0.0036902884868948316,-0.11013554696724345,-0.03230958900949764,0.13163763360878616,17
292,0.04914774880605208,-0.08220808044038305,-0.009786433567146898,-0.011533438189894918,9
293,0.05166471017574905,-0.09118935703304856,-0.09213752677129879,-0.005655394229436956,5
294,0.03826222902719591,-0.15152797606206017,-0.026304555986957395,-0.024826332589689262,9
295,0.03163113925837262,-0.0820483383748716,0.038971471654989,0.1452828818587306,17
296,0.014894272865779176,-0.09739760526106557,0.043104713098904616,0.1521562646074073,17
297,0.016043140178394425,-0.06364346016077042,-0.028753214122923917,0.08691264152485456,17
298,0.033021430993327924,0.06615432814246279,-0.011410558892441348,-0.13785024900568013,12
299,0.007444755203992532,0.0002265781708924215,-0.12388561998829367,-0.03126870140803047,0
300,0.034458939217745656,0.028694855590596917,0.01812975004652984,-0.20683402588712135,12
301,0.00410747619809537,0.20581147782979503,0.18834256425997664,-0.03650665589140771,15
302,0.00410747619809537,0.20581147782979503,0.18834256425997664,-0.03650665589140771,15
303,0.03235762026291869,0.0837229169965959,-0.08899088243359235,-0.19970364409927763,16
304,-0.010233782288394368,0.1825176815560769,-0.16726895623811547,0.1373199871718569,11
305,0.03650789812727136,-0.13062327259209577,-0.07184268188345666,-0.07278435948848297,5
306,0.026537027425411856,-0.04713068272626035,0.0977072726354201,0.025912244333082778,13
307,0.02465079857890088,-0.040486424765131014,0.09272543762164669,0.026919840324631968,13
308,0.04064694754540583,-0.0679456024981558,-0.045608960500100514,-0.05959200065947254,9
309,0.004021335273603537,-0.19355961296759946,0.10604446392471686,-0.15253599253262098,8
310,0.06229719244735693,0.20528454179359423,0.17823750029709706,0.053743436978309016,4
311,0.06118704400572665,0.16947932095791515,0.06807794553095295,0.04468804896216927,15
312,-0.004673436501865102,0.08821395714084093,0.011764420244579854,0.032483936569912386,1
313,0.0038154315280706816,0.10935140989526455,0.007165703087947731,-0.010616226622161242,1
314,-0.037315747380820254,0.1087304279047196,-0.149408423513259,0.2262428257692172,6
315,0.03064687444241387,0.052686340706465024,-0.00808756203113795,-0.08454216608219427,12
316,0.05499207874927335,0.13831700195887134,0.168723795141136,0.08805618535200888,4
317,0.041063202101866474,0.17567635942843185,0.18019543635035654,-0.08061423117569481,15
318,0.051471922310283115,0.042431035941125295,0.011989996350679377,0.007799817797258928,1
319,-0.09289217668852431,-0.004348065620501653,-0.09460613694841286,-0.029774348108123704,0
320,-0.011848726433050401,0.17584089988310397,-0.16202616424459756,0.13601859356867896,11
321,0.044059614242072255,0.1599053590623648,0.17121070747846256,0.04518013775885559,4
322,0.03156361062520309,-0.0878271323847807,-0.06010435364353411,-0.013331081920987961,5
323,0.02684915287569393,-0.14047739984306162,-0.0025222674731356243,0.04559630417491736,17
324,0.04517226487142265,0.25342242963139866,0.21184776773543004,0.002394376880081862,4
325,-0.9400226850055018,-0.0444361333641234,0.0749760683516384,-0.022704247804662868,2
326,0.05376916389591739,-0.13755390063938652,0.16994483196251303,0.09228540959457292,3
327,-0.015443994266205319,-0.06689339134176517,-0.169002359930865,0.018022947722018,0
328,0.05443763209990271,0.01474589096056114,0.19717189221135079,0.07418438282093906,13
329,0.03867962754338284,-0.05480944910161503,-0.08017103975405168,-0.019456817725496255,5
330,0.03367617176786871,-0.1364797465299471,-0.03702366219861245,-0.07603884362186537,8
331,0.03804338572056619,-0.12099518040094272,-0.023796533328025372,0.015323782807255121,9
332,0.03218915601363161,0.2941503286798188,0.15851373898931606,-0.020737082510094287,15
333,-0.009063886152566503,0.05617844332693336,-0.08998489402300787,-0.12476501254919133,16
334,0.002103928198468794,0.1703770721490946,-0.04029917129603914,-0.07825188285675574,12
335,-0.009063886152566503,0.05617844332693336,-0.08998489402300787,-0.12476501254919133,16
336,-0.019360630333445095,0.07223357050797856,-0.057855441734244645,-0.1286234123057161,16
337,-0.002401587863478683,0.04400236889333792,-0.018725417416505165,0.020012350751759788,1
338,0.0383374983356317,-0.11997232420719163,-0.035160055471064475,0.015486152403514966,9
339,-0.7260824367503388,-0.005962514304428716,0.09280028260641447,0.02490869091413807,10
340,-0.02863507311927459,-0.0061827437437858325,-0.11287750072313725,0.023441273332799415,0
341,0.03952349813532584,-0.15067048595899124,0.08909369754547174,0.07179732003510429,3
342,0.03609053599030888,-0.17944489878491632,0.12442918775252154,0.06257210487456119,3
343,0.06110952418021966,-0.12656142996903513,-0.0013686882924901162,-0.08636486739380766,8
344,0.04167518266178451,-0.10708198823915527,-0.011130282425691132,-0.15975257133618156,8
345,0.017655717681202623,-0.10646833153968098,-0.004686762612381419,-0.15965177587098647,8
346,0.015825440580971427,-0.10643016344144127,-0.004737563211731078,-0.15997018763385693,8
347,0.03994273019381846,-0.11088340447245988,-0.022076824392205967,-0.012776564243012885,9
348,0.04202777281415842,0.11845126605740432,0.03943576887817322,-0.04790897059387151,12
349,0.046120544474505296,-0.08316177229880471,-0.016620436153656503,-0.01594248718562845,9
350,0.046120544474505296,-0.08316177229880471,-0.016620436153656503,-0.01594248718562845,9
351,0.020559364604849018,-0.01025574173293857,-0.04417622001653255,-0.061179802372713206,16
352,0.03472473578219379,-0.0781848641137073,0.02832995157261294,-0.07324059318385137,9
353,-0.041817532226354315,0.022116721331245735,-0.13147603470066135,-0.07722946990525935,16
354,0.06550299084539747,-0.14918938768340897,0.013025915648930447,-0.00950357932959413,9
355,0.05549963690173843,0.12983867971942437,0.09597345938269702,-0.12654899641497555,12
356,0.05863054826680396,0.11597538922872236,0.09769001821549946,-0.13480735196144356,12
357,0.04534542183263655,0.08185775773682179,-0.059943880895046424,0.12241695153183198,1
358,-0.04210613816333859,0.11580044845049357,-0.10824209766942594,0.03663755623986882,11
359,-0.010564942394316825,0.02037047388529403,-0.047876048695849785,-0.0025311152788389207,0
360,-0.018179663326528036,0.04462754193431721,-0.08073987902248425,-0.005502529548632849,0
361,0.056326731163769884,-0.08206646611298993,0.15868565862140827,0.09511715949976823,3
362,0.05638172302411533,-0.0842196791309937,0.14787593085294715,0.0942912511757371,3
363,0.032746806584189526,0.05749305467734552,0.017094568589522505,0.037848308230976214,1
364,0.002998206596827334,0.07445578288145713,-0.07676349619287087,0.0990032540879089,1
365,0.0034424170974536898,0.22697712295793904,-0.18016649822159814,0.16698854337989164,11
366,0.047617377741210706,-0.07133668620260757,-0.017495932956716035,-0.01729584681820464,9
367,0.04465760800227877,-0.04216333005118826,0.039737018536441945,0.06329870875364133,13
368,0.050758630504651764,-0.08065099497150682,-0.0414344692886013,-0.023902528206580523,9
369,0.04202777281415842,0.11845126605740432,0.03943576887817322,-0.04790897059387151,12
370,0.0431916405366874,-0.039780736376655,-0.01685235983890199,0.13794438001076348,17
371,0.027179540711537737,0.03239795737044669,0.07782949680207385,0.09858265270017705,13
372,0.048707018459256034,0.03027403836950549,-0.14218391257804336,0.08770293337824946,0
373,0.05322586897964212,-0.11431540366749995,0.1067628267871288,0.07212690285499994,3
374,0.01670842664023318,-0.08752846669804233,0.11936620880355976,0.07249731719849092,3
375,0.04427387721195163,-0.05634618768210901,0.034722946754565887,0.15841150344733376,17
376,0.0374441924620175,0.00934879866765262,0.11351062176856372,-0.21780551833787243,7
377,0.041383620782384604,-0.02429640253103467,-0.12256665305633489,-0.10524643181171703,16
378,0.05411668786705883,0.1582332963882728,0.0978684215212009,-0.09739347109737977,15
379,0.037524149475731655,0.0054595177481902455,-0.16455739877771638,-0.03975199848323937,0
380,0.03361427628010501,-0.061788190718987994,-0.008348984788591569,-0.04136451774124428,9
381,0.023621752013529264,-0.05638888743921924,0.00012435863127423008,-0.03903661949843034,9
382,0.04027457372977447,-0.10318156519338412,0.11389640125159417,0.1584087518717839,3
383,0.041791037779213794,-0.09484005141370716,0.11034158870615803,0.16351208949675047,3
384,0.041791037779213794,-0.09484005141370716,0.11034158870615803,0.16351208949675047,3
385,0.02779634348108439,-0.07950236817489456,0.05174805303648762,0.09652165082568974,17
386,0.019139617687422082,0.01724037341748335,-0.0009849481929497823,-0.002142010084684876,1
387,-0.6155303825809987,0.007875418536221852,0.05061320510618305,0.022009350609276244,10
388,0.025920320888618592,-0.09291015693987345,0.08970824015655582,0.11146375479010844,3
389,0.026814517786470222,-0.10863885112608575,0.12332750569672438,0.11468986540839086,3
390,0.01951319275211912,0.10048397419505219,-0.0563061523871861,-0.10985100109288021,12
391,0.006308327473230941,0.1026902173713228,-0.03575927578622279,-0.11317187986943156,12
392,-0.0040802295502415506,0.09991868046311195,-0.006757170093147592,-0.1058351957380587,12
393,0.03614820579026974,-0.1104757356481837,0.08029378673079457,0.16435130060900058,3
394,0.008574813228585266,0.10924528323539377,0.02990241125043754,-0.011656075187688632,12
395,0.033437957610238746,-0.140668521027603,-0.004626179172272152,-0.03350220652450383,9
396,0.06880003167095851,0.060599071106616845,-0.021134740658235254,-0.05871727868344117,12
397,0.02414747722356687,0.027393537202387238,-0.08131582492596602,-0.1348061168715412,16
398,0.028597141266300346,-0.040067704654677815,0.01701971597527746,-0.05660698954218915,9
399,0.0471800775488504,-0.09632169807172193,0.11014056721884528,0.15290515391200693,3
400,-0.0051595597036028186,-0.10195577570737914,-0.06389528449497321,-0.07509980714843865,5
401,0.03627428000120724,-0.0798338638007045,-0.11145097045501302,-0.08714049570536782,5
402,-0.032365850788857516,0.14123530490200487,-0.20599501622485294,0.16939614525424243,6
403,0.005743252829227417,0.09049849044505302,-0.04793016466043593,-0.02912593515593831,1
404,0.04425288359328742,-0.0605798277900466,0.05127569331829687,0.08127234247410756,13
405,0.03948233861450072,-0.16648516821572243,0.10792709593201869,0.08926767598363007,3
406,0.040447920698622596,-0.16869445935435856,0.05825824228323309,0.05680018518979686,3
407,-0.05172384218187979,0.03410969614408096,-0.0718678647288123,-0.12282395890562685,16
408,0.00878682640150784,-0.036569164030602744,0.17906582066527066,0.07545984972667169,13
409,0.05272267674216305,0.10012719152313664,0.16325256964116155,0.08478136718356022,4
410,0.05121608195192851,0.10103836487720405,0.15561865231187066,0.08782112935558252,4
411,0.008258874176485013,0.11311153186481071,-0.12070648780443967,0.17142037362912727,6
412,0.0395483941820898,0.17081787749431415,0.19048659668631276,-0.005443574290078792,4
413,0.04908566117231235,0.2353453820958661,0.10506256807769933,-0.07816612247786042,15
414,0.05172895738836512,0.2332679031019446,0.10348801695214543,-0.06947894691660012,15
415,0.03342364779480686,0.017481912935449376,0.03287839061961087,0.04319836079824992,1
416,0.03716089945273663,0.0030744016603510083,0.0853527728380489,-0.04351279365804189,13
417,0.038381468583975994,0.008081975981589962,0.07895360654434251,-0.04698356784421555,13
418,-0.8967805774451945,-0.05449656608619583,0.07438384397770072,-0.04999424077104106,2
419,-0.005885567866524605,0.04656481194929814,0.2663329716227079,-0.008645758723612455,4
420,0.051730382751953255,0.12766224016754057,0.2874245055520049,-0.007500384400931884,4
421,0.022306882356106002,-0.003963450987740852,-0.004538867360989239,0.11265498125359878,1
422,0.019208539165013205,-0.008424979506577593,-0.0005437574100229007,0.10929435257574269,1
423,0.04518116746443172,-0.06971629900987085,0.060785149594409504,-0.002122660589419302,13
424,0.04596043717623932,-0.016274376127768393,-0.04000904038604081,-0.07626456830264333,16
425,0.06198553076254183,-0.06893529728993542,0.12458075309328845,0.07308078751023087,13
426,0.057315141996648285,0.2516870436005794,0.13385407776548025,0.00660950446708718,15
427,0.04118546139835392,0.054345611945490487,-0.06489467988310804,0.08937211063548617,1
428,0.03732092697819042,0.10342792019336067,0.02221908786195921,0.05813902850949523,1
429,0.04100378531049961,0.22308423426545862,0.11857389717920921,-0.05940872610019361,15
430,0.03489295055805846,0.22641409382554956,0.13115950309442606,-0.059224397589379606,15
431,0.023077965873525924,-0.02670805492646117,-0.16141244591975287,-0.22304267839897085,14
432,0.02988092527123959,-0.11088894586734209,0.07954801069387604,0.1257894206692925,3
433,-0.03422352058508227,0.07601243461899479,-0.11543805269435341,-0.14906521836948247,16
434,0.043238161246633114,0.23378782379568186,0.21494036955627174,0.05345369346864025,4
435,0.03992619091315533,-0.14391078984741743,-0.010886704871712892,0.00840024599284533,9
436,0.012060768046852917,-0.03871842626245741,0.086321885020124,0.07373514839068837,13
437,0.0526036685889581,-0.08756824615770085,0.09653077059379354,0.05658453505870597,13
438,0.041421216497802865,0.28101211988426905,0.0571521873539788,-0.06484636722891333,15
439,0.03304224865144111,0.07642789809877407,-0.023760252976166196,-0.1445584141400341,12
440,0.043378333607605846,0.27869169705877417,0.06094547034585056,-0.06808006479216765,15
441,0.027566719104324587,0.25462153437962004,0.03215176357923157,-0.13745541347982024,15
442,0.0039174611618735325,-0.19824818135629538,0.16990771654255035,0.07649288136675428,3
443,0.0013843710644735696,-0.20399449976584458,0.18213980587587436,0.0929985512891692,3
444,0.001465852214368162,-0.09716359374753263,-0.008066376785219305,0.06724057790268245,17
445,0.0015612625633534374,-0.08365618504703767,-0.030312014574446395,0.04526429930488766,17
446,0.001465852214368162,-0.09716359374753263,-0.008066376785219305,0.06724057790268245,17
447,0.0015612625633534374,-0.08365618504703767,-0.030312014574446395,0.04526429930488766,17
448,-0.03195341191203207,-0.004910479354792156,-0.164835738557731,-0.021106649133345173,0
449,0.039089287564981735,0.0606483190395912,0.034052185135001196,-0.02838694072916229,12
450,-0.029621243931442758,0.011325112616130782,-0.14488498155842772,-0.07096238022721865,16
451,0.03377314958441202,0.08107730598848888,-0.0845863429904252,-0.20258581301147177,16
452,0.007078098972098711,-0.04153627447682574,-0.1289831687412323,-0.1661483113335699,14
453,0.005656792599518782,-0.05001157636562942,-0.09128977382229439,-0.15663128937902973,16
454,0.03833591631179251,-0.020393143716377165,0.02426928839865207,-0.02624866676260394,9
455,0.03762556773554999,-0.0644239796813399,-0.027099294930568268,0.02300820940112457,9
456,0.037980566352201726,0.053570890723570956,-0.022377080446062854,0.157800762105849,1
457,-0.020407234746869105,-0.09989116844075699,-0.0010302133887464112,-0.01568189748833869,9
458,-0.017885148584284055,0.16958130127895002,-0.2152337046437816,0.2269194218411741,6
459,0.02435027679831489,-0.10563509931683354,-0.020444609655938133,-0.026801551506545198,9
460,0.021253274567667905,-0.1196193966707238,0.00599899420902637,-0.019899713736511955,9
461,0.04885483322037621,-0.1125154564450435,-0.0073782386887355,-0.00401242985674642,9
462,0.029955864430581756,-0.10928992574487305,-0.10220757105765649,0.011638044088457257,5
463,0.019216902944118167,0.04298538425669598,-0.012454794457221075,0.029580019030544354,1
464,0.051294902605907675,-0.14721241586281758,0.08592403919102536,-0.09166346342632462,8
465,0.024046093834993933,-0.07997779128752104,-0.12892601966975223,-0.034753271770115904,5
466,0.007529900787456223,-0.09695216152671977,0.06277378621135435,0.11836987622646097,17
467,0.0058658454994266265,-0.11440515937920162,0.10558525392983908,0.11745966264906725,3
468,0.05130941339557142,-0.07613687079895258,0.010345973203302734,0.060440182455070934,17
469,0.0359248794871932,0.04602676176395264,-0.05014184915635638,0.18008944357794068,6
470,0.04744951916492856,-0.034448412118854084,0.027261868986666635,0.08415229641872253,13
471,-0.05738806728101522,0.06802345280320038,-0.12325952991856803,0.1793623650750694,6
472,-0.05642615571410279,0.06572932714343034,-0.11918454327860326,0.1754553812863379,6
473,0.047972960263620544,-0.0068523603133684545,-0.06122545289068693,0.04607202020386401,0
474,0.02902975751860808,-0.05108309892800521,0.014315775568990363,0.06099498748649444,17
475,0.010958520946173148,-0.042734136708879635,-0.13211080760862498,-0.13868107532911778,14
476,0.0321032252886153,0.014719730850425064,0.053454021035089776,0.04425452341288547,13
477,0.006730952685161233,0.2111199380799091,-0.21709216091988456,0.16697698432785393,11
478,0.052793759313086795,-0.09482778386125905,-0.06277612739549934,0.046126676372097504,5
479,0.006137584217342548,0.14650476265006585,-0.02712563701357013,0.0566819012784632,1
480,0.06630691592816773,-0.0038110893153691814,-0.1105830520028747,-0.050165026068035315,16
481,0.031355680883748155,0.0807964613956146,0.013958144271315984,0.08116063284881828,1
482,0.03110193747975895,0.014573621956640208,-0.20997000952762457,-0.20701319513729408,14
483,0.02986918895612746,0.01725664588652903,-0.21436233159039278,-0.20366008560413237,14
484,0.02861712525897632,0.011465727208736605,-0.21865870102595772,-0.20499049189556628,14
485,0.016098297576805615,0.058461675876804,-0.24808453928491872,-0.15346275523741862,14
486,0.014123079146943458,-0.12638710920981328,0.03613744739994273,0.09169590959857077,17
487,0.00044175469753470473,0.044685936382144464,0.08158217122049084,0.11123312484896594,13
488,0.040364509431189736,-0.12522240998116463,-0.03432645517450911,-0.04458274424813099,9
489,-0.020722857365273725,0.01786891250657815,-0.09917249249209165,0.015615616815817458,0
490,-0.01902873683968106,-0.10688621259360502,-0.03945127502344493,0.08097249138855397,17
491,0.02859651663991526,-0.07293732566835581,-0.09705262470356256,-0.03261397795178935,5
492,0.039783754869384444,0.10413862187594312,0.021046636508966383,0.0567985825649659,1
493,0.050565548730571494,-0.09031871032839871,0.04665994338278644,0.058653050229838154,17
494,0.046615255874931004,-0.04132660707289491,-0.09169692491157641,-0.02053390625333167,5
495,0.054272303733276156,-0.08049198969649421,0.007420822597222314,0.06343072232872494,17
496,0.039875132512170494,-0.11900631775268249,0.07237560255142735,0.08137635154955847,3
497,0.01941645904109854,-0.05738922325553996,-0.1153607021126141,-0.0018254358657858465,5
498,0.04353144922416105,-0.06266324376919806,0.055232900466809856,-0.001155360108452375,13
499,0.023279756820807265,0.13632748934601294,0.04758848356561873,-0.1316744125542758,12
500,0.024645384287175838,0.13734468285393459,0.05062117371682008,-0.12784061952678713,12
501,0.026854710916034613,0.14298512229928506,0.0686628875250447,-0.12737372042727535,12
502,0.04541877347900769,-0.10609473961122641,0.11583469283224036,0.1489724645187628,3
503,0.027278104444092927,-0.09456000037317779,-0.07361593318814111,-0.02628370710721005,5
504,0.035437954133295306,-0.0299445720060031,0.04648325340127279,-0.039191480708819434,9
505,0.04896902609550196,0.004168797805873144,0.11767997167838286,0.03718188501611668,13
506,0.02434231322874607,0.15531502117126827,-0.01888652335179981,0.031950472112805335,1
507,-0.6984080035637672,0.019742768469278683,0.025946038848451168,-0.018280868754963535,10
508,-0.6984080035637672,0.019742768469278683,0.025946038848451168,-0.018280868754963535,10
509,-0.6984080035637672,0.019742768469278683,0.025946038848451168,-0.018280868754963535,10
510,0.06550299084539747,-0.14918938768340897,0.013025915648930447,-0.00950357932959413,9
511,0.029349708289479953,0.06893721142120818,0.004609113506393479,0.039934997437509286,1
512,0.05641865157834889,-0.009529692861817585,0.02121653001297313,0.026210080344249372,13
513,0.04999667470195535,-0.09057847596231794,-0.03322850638447472,-0.028174083238016828,9
514,0.04416056645842387,-0.09331041759411242,0.08142082549216398,0.058658267183971526,13
515,0.02016965720603378,-0.11811851890127868,-0.059104238457116175,0.02801797454004372,5
516,0.03167927107848354,-0.055201212875042496,-0.0020686501604789574,0.17658291121491157,17
517,-0.0031796738741204952,-0.05882405068467836,-0.036037667072892826,-0.012441699922972055,9
518,0.003236984425959526,0.03784496315060139,0.09386839263581817,0.10926967175087157,13
519,0.045045668470939076,-0.04358964949844581,0.035921902140144235,-0.0941657367716663,9
520,0.03218915601363161,0.2941503286798188,0.15851373898931606,-0.020737082510094287,15
521,0.05572500599207878,-0.2158212093008698,0.10800731144704015,0.009339399362707838,3
522,0.008024824740004802,-0.06532405491798998,-0.10293498626265309,-0.002772882408874517,5
523,0.05830216386511968,-0.06966323752740053,0.008414592765484107,0.0057995845698103595,9
524,0.05358654941886596,-0.0655644224599868,-0.006720032332547628,-9.052176148561077e-05,9
525,0.0662977264085038,-0.08990192127560984,0.09762104675241359,0.0029688358272252835,13
526,0.04670516669923178,-0.0936881505598306,0.0686189302728293,0.011491950251638046,13
527,0.06298269814177831,-0.10219550857277733,0.08544736634806371,0.0219948687682007,13
528,0.06789364266443158,-0.058940824902624755,0.08981845055860246,0.007254981143561664,13
529,0.05279504673901712,-0.12067383023689007,-0.02973935803331278,-0.07311768798016419,9
530,-0.007531779799499944,-0.09550917911646771,-0.05387028253557149,-0.03824256326157219,5
531,0.0034633338575239796,-0.11333713729367968,0.004990851222280924,-0.1642413539149083,8
532,0.06579161289781774,0.1850903858126887,0.17310763949080848,-0.019082331982084536,4
533,0.02467025019549123,-0.24247115065095057,0.18307064302151732,0.06031294964195592,3
534,0.018934590130140018,-0.2086236595882585,0.08917997314148361,0.0003755134923093963,3
535,0.01963380815505927,-0.2477176127982182,0.1950874379142731,0.05214386314851024,3
536,0.02309037747509591,-0.08258106407907916,0.05286716935715513,0.1056831036883025,17
537,0.028603371571652304,-0.054670803667859896,-0.12435863133198298,-0.03816026282061051,5
538,-0.03162044536560051,0.14550955908234825,-0.1690657146952869,0.18676920623907786,6
539,-0.039739346477949127,0.1562137274991896,-0.16238555218665993,0.19881001208920884,6
540,0.059022152192139306,0.12266953747807104,0.00021847807785284933,-0.11528066660766288,12
541,0.055801970023799274,0.11560416830322626,0.0025526090683901455,-0.12148954558843197,12
542,0.058863054346757565,0.11498483138621621,0.007266686374691957,-0.1173668044601813,12
543,0.05809062146425832,0.1211003123443529,0.0024984540675324365,-0.11427355758090928,12
544,0.056864133704632266,0.12389857357026715,-0.0006076568804354792,-0.11000347523053798,12
545,0.05684044700299221,0.11539418468822148,0.0007837270497287439,-0.1146549195426274,12
546,0.030072414627907273,-0.0798656206106736,-0.1940898859459968,-0.14991085464463016,14
547,0.049818908386262406,0.08218545761771352,0.21059288150475264,0.07904107794402035,4
548,0.027624173733543554,-0.19489260156976598,0.03159622188204223,-0.1456999359446162,8
549,0.008420490707124126,-0.13539118947754755,-0.060692687722498306,0.022870125038650244,5
550,0.03406644537619893,-0.1300978935334657,0.030126769696709764,-0.0055357998896674605,9
551,0.022921222374475195,-0.13118089439187194,0.00811542730862162,0.10204169285773361,17
552,0.024876469066095835,-0.1444390755560088,0.026837371826334507,0.09803515844571281,17
553,0.0696913888063287,-0.08795105100553302,0.0073817597614299815,0.12170242408693459,17
554,0.02693887273790033,0.11974780872001192,-0.1454426476499355,0.0857481978696065,11
555,-0.8509056930309447,0.0675751333814507,-0.011226345125172352,0.08706956107315822,10
556,0.021480622199306455,-0.05969798878714425,0.0028371725001943675,0.22049394629219843,17
557,0.0012877386708891637,-0.03325694625338943,-0.09615493690511702,-0.04666108306447914,0
558,-0.04642094205031769,-0.1015780262966846,-0.09407537554273465,0.023712186286441138,5
559,0.0379331577269499,-0.14400158410822028,0.12144847380219137,0.09232155012661748,3
560,0.035934993958431645,-0.1381929622873356,0.1157802642490117,0.09879467045742497,3
561,-0.0016738442842847722,-0.013180102713849411,-0.1434505995849668,-0.06183153600526709,16
562,0.037626497566263496,-0.13317448717714422,-0.06761223187252773,-0.07596824649021253,5
563,0.021779745922590778,-0.10955615874456076,-0.12355414152035063,-0.03964454402107812,5
564,0.040787923930373074,-0.08981688024757781,-0.049727527528316114,0.001146003717118696,9
565,0.03906604070420945,0.10724480890070297,-0.14015860373274025,0.11919964553927269,11
566,0.024873445050080205,-0.022663004704850272,-0.07765205596483228,0.0086166039807204,0
567,0.025168544304896096,-0.1265866719115105,-0.008103850903937409,0.05197499966713711,17
568,0.06681173354645265,-0.02760375452862776,0.04313836321612961,0.06971372216342704,13
569,-0.011337976140389151,0.11525524763951439,-0.07572453410253623,0.15879802149374583,6
570,-0.00163752940620513,0.15738847276053541,-0.10783185683649758,0.1728386419455726,6
571,-0.008124904574494718,-0.07051921437714714,0.002821408217124694,0.07142839054541668,17
572,-0.034005913987257254,0.1258438448998961,-0.164479571662786,0.0010679543026152337,11
573,0.021909610060037006,-0.18233877515593633,0.013888136211542479,-0.02734668471010675,8
574,0.018050728314367267,0.14414808317727149,-0.15227184265586438,0.0592217847743244,11
575,0.018050728314367267,0.14414808317727149,-0.15227184265586438,0.0592217847743244,11
576,-0.036888913657003274,0.06370044852174146,-0.06068951012670084,-0.026639591949444007,0
577,0.04660660191780088,-0.17181085772883556,-0.007701657308577443,-0.056007608214174366,8
578,-0.0007043588714274919,-0.06203921516148246,-0.1358697738180406,-0.04415705137571455,5
579,0.004510761184705886,-0.008741862487332394,-0.07467738940410869,-0.018953897393052258,0
580,-0.0123403171781608,0.0550705740557008,-0.1227522313507407,0.018157224437753094,0
581,0.050103866322567574,-0.11913487771555453,0.020476341842924167,-0.024930241152351363,9
582,0.025265645514364856,0.02547576869165237,0.015518124268782803,0.11702984315307458,1
583,0.03361427628010501,-0.061788190718987994,-0.008348984788591569,-0.04136451774124428,9
584,0.023877535048955074,0.13126256520923904,-0.1653598780787961,0.1846783611884852,6
585,-0.04203920076181758,0.004231031630816147,-0.0055117564399819905,0.043532939975816275,1
586,0.04306347781121945,0.1849600235244763,0.11028087217499667,-0.04536413699622283,15
587,0.025605849431652717,0.19581964338795302,0.04103945683483185,-0.2327785602574426,12
588,-0.9385418764043668,-0.08043706907772144,0.0872732993579006,-0.028401827007748088,2
589,0.05531123281705798,-0.10098102711365702,0.047605741227540424,0.07311396091769794,17
590,0.040164689770595036,0.016636063442216423,-0.011207124254477311,0.18731761224435803,1
591,0.050263043637023386,-0.06129712369702933,0.06297943900226663,0.09548452473039608,13
592,0.013803971607281619,-0.06502217016969127,-0.07449423707507107,-0.107283768221216,5
593,0.02896650296148365,0.006748300991940472,-0.17818836547346778,0.11055659460046319,0
594,-0.010233782288394368,0.1825176815560769,-0.16726895623811547,0.1373199871718569,11
595,0.05841861634679618,0.09472320746172402,0.04678168854645298,0.013510196054662792,1
596,-0.056274924059364115,-0.12459447377178208,-0.015828781472941627,0.053789243625545144,17
597,-0.006784592299160699,-0.11229633701363674,-0.09985590137506876,-0.0540594084482194,5
598,0.01125384612460158,-0.09223716511949231,0.020832683282234456,0.02118354063017922,9
599,0.058534343029943016,-0.12925412149544946,0.14097184278603914,0.11907241645558063,3
600,0.06256463645063871,-0.11275856085121713,0.08830476517809598,0.10174163167900942,3
601,0.03517940653246459,-0.09302162317659579,-0.13238076295862478,-0.031227441816769525,5
602,0.06901001818067799,0.06275395797381146,0.18761521413277538,0.012873624921489442,4
603,0.06442166293634508,0.05754736603615583,0.1971667427267425,0.02094373602490068,4
604,0.06781510291784387,0.10091996814355794,0.10955667827722301,-0.055527585653272746,12
605,0.020297923223260305,0.029364163062284065,-0.03267284639458634,-0.0037385228288036865,1
606,0.01224324609383147,0.18739366652098366,-0.07471315457335816,0.017472695749709766,11
607,-0.6914723118607871,0.04837881411819959,0.053140698787098484,-0.01600286273276681,10
608,0.05348509800426782,0.16970008548879098,0.11123759482435738,0.014318654605327654,15
609,0.04487541615847831,-0.06037010023687787,0.10083268105900862,0.08994688007684408,13
610,-0.00163752940620513,0.15738847276053541,-0.10783185683649758,0.1728386419455726,6
611,0.05364799723725006,-0.09029629806891035,0.15444320927486396,0.07145239922259172,3
612,0.056204710066914146,-0.0035962321471555286,-0.07670288838980387,-0.030562028531004964,0
613,0.04042648622816799,0.06719108852894824,-0.13161388657569129,0.08004078344537847,11
614,0.041221621733783145,-0.1127526125979027,0.16140488168624512,0.10060161506358736,3
615,0.05918638223228695,0.2436023800481537,0.09206828501984567,-0.08687923657097002,15
616,0.05044173508391728,0.14920968167988105,0.10580239444352908,-0.0903629306310675,15
617,0.019019269638143495,-0.008724625316833119,-0.18265398586640127,-0.16503324131060015,14
618,-0.7693502605200738,0.05029723063386105,0.018994836744161397,0.06428594569230359,10
619,0.038768901589927844,-0.08659186457697222,-0.05350146834856058,0.0013037009153009779,5
620,-0.09944021965709274,-0.01110403521066975,-0.09215566341057842,0.030505807783183674,0
621,0.057757506933265555,0.0929759629829444,0.13802831921005665,0.0888189220880094,4
622,0.04613714513582152,0.15512973298662155,0.044093300558203596,-0.055818952755864196,12
623,0.06276974180239783,0.2010255461760793,0.08493499617317435,-0.05801768841721987,15
624,0.02242630158668007,0.23432711227413372,-0.040254593148490905,-0.007374755817399589,15
625,0.022538202078139988,-0.12311015756760725,0.0424000523780625,0.05433936221707021,17
626,0.058465843094069575,0.09102425051531442,0.09197355367461474,-0.053824963677016426,12
627,0.026689949078564573,-0.00825836690659494,-0.19010130556402954,-0.15230473663515987,14
628,0.029292577946359664,-0.003848880338585214,-0.19904518092010282,-0.1430757283814054,14
629,0.028044300039673467,-0.00012228472901174524,-0.2033685473102687,-0.14734691819626447,14
630,0.04960199690478923,0.13083983080634912,0.06855525220190721,-0.10296556546037602,12
631,0.04338050513139569,0.05426931968849706,-0.020514043264016107,-0.09869971280820104,12
632,0.030361820693862104,-0.15769584251185642,0.05570214147038506,-0.029219357984430164,8
633,0.030361820693862104,-0.15769584251185642,0.05570214147038506,-0.029219357984430164,8
634,0.048281392719726576,-0.0994785947055749,0.011960649946215627,-0.014544275679610615,9
635,0.01236575667157254,-0.07612762668884172,-0.018555790274401712,-0.030587592962470107,9
636,0.015000899700913903,-0.07857017373844276,0.01104298832359223,0.01810851515286035,9
637,0.07172238433055998,-0.026371294054786047,0.05423612418665186,0.12130724270232396,13
638,0.04243473200074574,-0.11910963238072246,0.009338161634760722,-0.13313362427660533,8
639,0.006210899123181438,0.17865429459914955,-0.1960633748682905,0.1922190498886833,6
640,0.0218066860968565,0.18514822319705962,-0.2072177310916883,0.18930188765359632,6
641,-0.03971271626305985,0.030667717737718758,-0.11353075080751629,-0.04695913655263808,16
642,0.022304095570795792,0.06058922664344792,-0.11884869841490456,-0.15301986799074466,16
643,-0.03535159445087545,0.1299865932176955,-0.16501122140149382,0.010031566637427526,11
644,0.011005471557916667,0.028176088541124484,0.01124120514201812,0.10374382905027309,1
645,0.03999245126270704,-0.198525407759173,0.0944447058900803,0.05805357865989064,3
646,0.011721861823474204,-0.017887910980349222,-0.23064975033732313,-0.20939563960001875,14
647,0.029828132330124334,0.008140060129777017,-0.19126691248161615,-0.15862379093482895,14
648,0.050261556816008024,-0.08926531130416737,-0.051553545526997605,-0.03683688889632688,9
649,0.011546400683961115,0.18675765116421356,-0.08106376083210434,0.011904107826033317,11
650,0.03594369038955511,0.19198014752248208,0.037896380275820464,-0.12729736817980092,12
651,0.0390719571445907,0.15810322691466516,-0.007933829601779623,0.021962846106826212,1
652,0.02875567678868007,6.700305198248285e-05,-0.19929724979111135,-0.15662941854943857,14
653,0.029929410741496805,0.004191834410673456,-0.18978679712485136,-0.10012569114802913,14
654,-0.00343461359840883,0.1537315361339758,-0.13656116183753386,0.20177412588556598,6
655,0.0016148826013620524,0.10061426394170193,-0.06669999598493094,0.21121795560902382,6
656,0.06567165986586229,-0.12954942893573027,-0.0007816753526761665,-0.02925669653385682,9
657,0.05060500151598504,-0.09983003108165174,0.0834490835246973,0.15026168662115316,3
658,-0.020560848526979942,-0.031182394612033763,-0.0491704245242634,0.011368931161099986,0
659,-0.020991724965164358,-0.02961279876968946,-0.04114215203455292,0.007500620762856855,0
660,0.012519930635012746,-0.0821254378133544,-0.060394962811087166,0.031837604641501864,5
661,0.054854498326317426,-0.05718550935094512,-0.057366235627075525,-0.02236076401310579,9
662,0.05782152387580098,-0.08958410073505109,0.01959558937118918,0.11228462183421759,17
663,0.025731854416805863,-0.06194558528062347,0.04367266495283562,-0.03748891727502564,9
664,0.025731854416805863,-0.06194558528062347,0.04367266495283562,-0.03748891727502564,9
665,0.03952798426240282,-0.10573537566892578,0.03059544330958683,0.15822426353257257,17
666,0.038859214508688886,-0.16421933283362616,-0.02765331414746809,-0.048479012010249505,8
667,0.03177392879223115,0.1503580577519563,0.10249099255725004,-0.06051543335902753,15
668,0.04706826960394291,0.17977266231687242,0.09615118792224858,0.014987400770240206,15
669,0.037267541982233574,0.15586162607441306,0.1019289729640604,-0.04815925122109453,15
670,0.03233198171998305,-0.09959081445862805,-0.025971840620525273,0.07529368069655952,17
671,0.014377657258012135,-0.08308305071771627,-0.025067097546378654,0.01848900200213383,9
672,0.02649572133747736,-0.09322930098312536,-0.03125956328411773,-0.06243163849767774,9
673,0.02649572133747736,-0.09322930098312536,-0.03125956328411773,-0.06243163849767774,9
674,0.029694407330603828,0.025916424654738153,-0.0608622931959271,0.13112213936850522,1
675,0.05193683948407176,-0.19194638854055876,0.05796384455806757,0.06675181609162949,3
676,0.01450425122660461,-0.09203855332204355,0.12161048296279622,0.14987214629903886,3
677,0.016098297576805615,0.058461675876804,-0.24808453928491872,-0.15346275523741862,14
678,0.02478772183159901,-0.10780046156662555,-0.10591212279926328,-0.0034394772065596234,5
679,0.03324842317381898,-0.003564347616118938,-0.04918534217885306,0.23132354630353724,6
680,0.011860948585606735,0.1362565741346566,0.015983372261482116,0.0684600688086391,1
681,0.019105733286609278,0.017492611658761707,-0.12809730614988876,0.004795784847100549,0
682,-0.016856203016076952,0.029478870020041275,-0.13695214950719603,0.029851993179929027,0
683,0.03042185392081491,0.07406753114131602,-0.11392265763088451,0.15109328543297004,6
684,0.025392158288195354,-0.06604877606674112,-0.16489540934722552,-0.06384969807441387,5
685,-0.5939003337042748,0.06183425461459497,0.16578027087424224,-0.08279719899344196,10
686,0.02920495380178872,-0.16038457871526637,0.06432953297064388,0.10375026555653521,3
687,0.0437438580211493,-0.24202242711977998,0.2231586795039795,0.035262685419791696,3
688,0.013869741278269654,-0.21031602647878733,0.024299084571293737,-0.07184059869821878,8
689,0.037718367514042644,-0.03987115424131714,-0.07036950965655704,0.09382543267241379,17
690,0.016597108438218124,-0.2068988532311146,0.019275716193301005,-0.06951488119468933,8
691,0.047246235826673484,0.11899813725614941,0.0375097581644665,0.032361182586848294,1
692,0.019563040326932016,0.06664559509605952,-0.23344914985159373,-0.1578140818309414,14
693,-0.05599424191881305,-0.04234970988662904,-0.42776480108332543,-0.10871485035046993,14
694,0.04801285302347794,-0.1290293251783653,0.11804510955922336,0.1503612492083209,3
695,0.07412003236692484,0.21817197673470895,0.1391660262774424,-0.055496703762067834,15
696,0.017043076366068537,0.036675556013596074,-0.13275216267740997,-0.10838705880997455,16
697,0.017043076366068537,0.036675556013596074,-0.13275216267740997,-0.10838705880997455,16
698,0.005461266589718812,0.026622040782670903,-0.12132668832125805,-0.10899431546866006,16
699,0.05583671701694037,-0.020744058981720596,-0.0073947943236917935,-0.0033359302728873156,9
700,-0.058892568285732055,-0.060767075676201016,-0.1781743929882563,0.005391446186563304,0
701,-0.06540525077977107,0.08798805395889996,-0.12309213919606642,-0.07617127047369948,16
702,-0.06690888435775061,0.08746440279284219,-0.1604977960093704,0.02482212864241867,11
703,-0.03643684931961966,0.08044587875664531,-0.12252315940885203,0.21535126240348726,6
704,-0.08373386305090384,0.010194021342201135,-0.12002936814930633,-0.0715201105050841,16
705,-0.00046322484540679604,-0.11850984444828495,-0.0787493713744313,-0.13084869105136746,5
706,-0.0185132772942507,0.0559753821813696,0.12931665518048024,-0.03949933908418822,13
707,-0.057514329880587814,0.1354973216339149,-0.1432268704386073,0.22128041413938565,6
708,0.0605092645409595,-0.13109009499097823,0.12626659924982972,0.12139307118760712,3
709,-0.01449123894656429,0.18346545774203538,-0.18761725030810442,0.2371643437881795,6
710,0.05287861645125106,0.06167882138874333,-0.10437893483663643,0.060910242188772376,1
711,-0.08377887282425922,0.13304420546367016,-0.12914935533524916,-0.06319750303884875,16
712,0.004582549980866304,0.0649864691011355,0.01596767249846097,-0.011139303273855997,1
713,0.01540899145856661,-0.15400311910307332,-0.04443778445200233,-0.04148377084475262,5
714,-0.05865182741166475,0.02650405906661206,-0.0949991881143511,-0.13148120365399238,16
715,0.03400136537421999,0.08106068669442384,-0.07730872706383528,-0.061320285951119234,16
716,0.031586559817252155,0.031455970729512395,-0.08240884754546592,-0.12444911358735601,16
717,0.033879100887963094,0.033010712480771746,0.0054350848537599765,-0.02538174077454244,1
718,0.0540048487136032,-0.11751895613407776,-0.06328933029087105,-0.03133188674708121,5
719,0.051905218075200404,-0.12323561532930524,-0.04516377828545544,-0.03619270050957979,9
720,0.039933740626343556,-0.12236758733584478,-0.005525203211238614,-0.0077921206173651395,9
721,0.022538202078139988,-0.12311015756760725,0.0424000523780625,0.05433936221707021,17
722,0.0543953436793026,-0.008740816739532377,0.0754755220836479,0.06878378966429106,13
723,0.04574156373070975,-0.06815400764049272,0.11411905681048284,0.08744192864607045,13
724,-1.0255254539797285,-0.07063522368005998,0.05817958611803691,-0.010553410925226926,2
725,-0.051244966766286544,0.14294924829136685,-0.17458936463462338,0.22237534736569392,6
726,-0.0024889904086749753,0.039910860316566064,-0.015053185211350247,0.017460569208578948,1
727,-0.0050598116669947485,0.17109174211150022,-0.09427530554694111,0.1407924260241617,11
728,-0.06125691803212443,-0.058094596883758474,-0.16978905216016377,0.011718884975271526,0
729,0.05815777366871401,-0.15615576754057664,-0.04784805739943379,-0.05768075768242211,8
730,0.05251075710547328,-0.06638259559107816,0.04251150199591512,0.04162499690844322,13
731,0.055008197744264034,0.137515355637191,0.18896142614313388,0.08209673919718452,4
732,0.027295278109396765,-0.033423906402908876,-0.179798281771451,-0.19016743692918953,14
733,-0.508914880649265,0.16797126082826686,0.15006169545346498,0.13590664201299868,10
734,0.03612234772338516,0.19554049684861105,0.03925182707199834,-0.11723199493345246,12
735,0.03708993456821245,-0.0496567971678264,0.00957696206988035,0.006556672303217122,9
736,-0.006344509007703665,0.11869697472814347,-0.1436803413156212,0.05132698304871413,11
737,-0.0018144839196062642,0.02696284185442781,-0.0869122404688777,-0.05206571648988323,16
738,-0.01212910017697901,0.05640142250347582,-0.07973858811577643,-0.06076282934571963,16
739,-1.0164931276570428,-0.10896262249966765,0.07296761878969009,-0.017812413074428567,2
740,-0.508914880649265,0.16797126082826686,0.15006169545346498,0.13590664201299868,10
741,0.026702587247318926,0.2500420829889939,0.04079947779289934,-0.14889093805499928,15
742,0.023953575490180255,0.24543218931192384,0.08799562546487168,-0.055153158027726246,15
743,-0.036757621119996725,0.011606392429927958,-0.14595389965096606,-0.13288676928526844,16
744,-0.03485897340279863,0.006435001952988771,-0.12542661519634363,-0.13068703855495858,16
745,0.0038826210248565857,-0.02356878178240602,-0.07393913320454543,-0.1605402709287186,16
746,0.05114457993443557,-0.14454474939629172,0.11609530675035382,0.131565420120263,3
747,0.029329187426482307,0.010950543193212568,-0.11113975409599065,-0.22189911806777213,14
748,0.0277724906725793,0.012127683387914335,-0.09816871750143248,-0.07053654057354818,16
749,0.015520251947523128,-0.07417733082412235,0.04452157493533623,-0.17163651447626993,8
750,0.053196603940505335,-0.024099835392590373,0.017056916146218685,0.05541803836070944,13
751,0.04862228706909781,0.014967718629078834,0.04889258349567988,0.05332796509720187,13
752,0.04881588245277663,0.05634811096964294,0.0008725370626761666,0.03558210722529824,1
753,0.026200900642375433,0.019606952493195464,-0.11414959944939346,-0.1318313508736622,16
754,0.011381255766913713,-0.16832483937849374,0.017453648944035904,-0.08126974868170855,8
755,0.030739055086798434,-0.08964414273259685,-0.03307672263568824,-0.06082548561759919,9
